number,name,total_seats,fare_per_km,tatkal_seats,tatkal_fare_per_km,active
120001,New Delhi-Bangalore Shatabdi Express,538,1.9,53,3.44,True
120002,Mumbai-New Delhi Superfast Express,1127,1.14,112,1.8,True
220003,Mumbai-Kolkata Vande Bharat Express,623,2.45,62,4.42,True
120004,Kolkata-New Delhi Jan Shatabdi,578,1.24,57,2.12,True
50005,Kolkata-Lucknow Passenger,1595,0.49,79,0.92,True
220006,Mumbai-New Delhi Duronto Express,857,1.51,85,2.72,True
220007,Kolkata-Chennai Duronto Express,963,1.83,96,3.56,True
220008,New Delhi-Agra Vande Bharat Express,443,2.36,44,4.7,True
120009,Bangalore-Delhi Shatabdi Express,599,1.88,59,3.71,True
120010,Kolkata-Mumbai Superfast Express,1270,1.18,127,2.17,True
120011,Chennai-Mumbai Superfast Express,1193,1.07,119,1.95,True
10012,New Delhi-Kolkata Mail,1311,0.77,131,1.32,True
220013,Mumbai-Bangalore Tejas Express,602,2.31,60,4.51,True
120014,Mumbai-Mumbai Garib Rath,1028,1.09,102,1.86,True
220015,Mumbai-Ahmedabad Duronto Express,1037,1.67,103,2.82,True
220016,Mumbai-Hyderabad Duronto Express,904,1.77,90,2.98,True
10017,New Delhi-Mumbai Mail,1380,0.82,138,1.5,True
220018,Bangalore-Kolkata Tejas Express,605,2.37,60,3.99,True
50019,Mumbai-Kanpur Passenger,1536,0.76,76,1.33,True
120020,Agra-New Delhi Rajdhani Express,977,1.63,97,2.52,True
220021,Mumbai-New Delhi Duronto Express,869,1.65,86,3.13,True
220022,Bangalore-New Delhi Tejas Express,550,2.1,55,3.25,True
220023,Mumbai-Amritsar Duronto Express,969,1.75,96,3.19,True
10024,Kolkata-Hyderabad Express,1301,0.61,130,0.94,True
120025,Mumbai-Jaipur Superfast Express,1168,0.92,116,1.76,True
220026,Mumbai-Mumbai Humsafar Express,838,1.31,83,2.01,True
220027,Chennai-Chandigarh Vande Bharat Express,550,2.35,55,3.75,True
120028,Kolkata-Ahmedabad Jan Shatabdi,599,1.4,59,2.5,True
220029,Mumbai-Bhopal Tejas Express,485,2.39,48,4.2,True
10030,Kolkata-Mumbai Mail,1357,0.68,135,1.36,True
120031,Bangalore-Bangalore Jan Shatabdi,558,1.56,55,2.41,True
120032,Mumbai-Mumbai Garib Rath,1046,1.16,104,1.99,True
50033,Chennai-Agra Passenger,1659,0.47,82,0.93,True
120034,Kolkata-Mumbai Rajdhani Express,932,1.98,93,3.46,True
220035,New Delhi-Mumbai Duronto Express,958,1.76,95,3.15,True
120036,Bangalore-Kanpur Shatabdi Express,543,2.06,54,3.94,True
220037,Mumbai-Bangalore Humsafar Express,750,1.44,75,2.19,True
220038,Agra-Kolkata Duronto Express,910,1.81,91,3.36,True
220039,New Delhi-Ambala Duronto Express,1015,1.53,101,2.34,True
220040,Kolkata-Bangalore Duronto Express,870,1.62,87,2.63,True
120041,Mumbai-Mumbai Rajdhani Express,958,1.8,95,3.07,True
120042,New Delhi-Mumbai Jan Shatabdi,741,1.23,74,2.23,True
120043,Chennai-New Delhi Shatabdi Express,600,1.87,60,3.14,True
120044,Mumbai-New Delhi Garib Rath,1026,1.06,102,1.8,True
120045,Chennai-Bangalore Superfast Express,1170,0.81,117,1.58,True
220046,Bangalore-Kolkata Tejas Express,621,2.35,62,4.55,True
220047,Mumbai-Ahmedabad Tejas Express,568,2.14,56,3.52,True
220048,New Delhi-Bangalore Humsafar Express,780,1.58,78,3.07,True
50049,Chennai-Guwahati Passenger,1674,0.63,83,1.26,True
120050,Chennai-Bangalore Shatabdi Express,526,1.86,52,3.34,True
50051,Agra-Mumbai Passenger,1521,0.5,76,0.84,True
220052,Delhi-Kolkata Vande Bharat Express,479,2.63,47,4.4,True
220053,Bangalore-Delhi Duronto Express,881,1.57,88,3.08,True
10054,New Delhi-Ahmedabad Express,1425,0.74,142,1.13,True
220055,Delhi-Jaipur Vande Bharat Express,431,2.34,43,4.14,True
220056,Agra-Bangalore Tejas Express,580,2.49,58,3.84,True
10057,Chennai-Mumbai Express,1411,0.64,141,1.21,True
120058,Mumbai-Chennai Superfast Express,1183,0.99,118,1.92,True
120059,New Delhi-Agra Superfast Express,1294,0.93,129,1.56,True
10060,Kolkata-New Delhi Mail,1334,0.8,133,1.55,True
220061,Agra-Chennai Tejas Express,632,2.28,63,4.52,True
120062,Mumbai-Chennai Superfast Express,1237,1.18,123,2.09,True
120063,Mumbai-Bhopal Shatabdi Express,674,1.85,67,2.94,True
220064,New Delhi-New Delhi Vande Bharat Express,618,2.54,61,3.83,True
120065,Kolkata-New Delhi Superfast Express,1195,1.1,119,2.03,True
220066,Delhi-Mumbai Tejas Express,618,2.29,61,3.87,True
10067,Bangalore-Mumbai Express,1350,0.95,135,1.63,True
120068,Chennai-Kolkata Superfast Express,1258,0.83,125,1.32,True
120069,Kolkata-Jaipur Garib Rath,1094,1.39,109,2.22,True
120070,New Delhi-Mumbai Shatabdi Express,680,1.93,68,3.56,True
120071,Delhi-Mumbai Rajdhani Express,920,1.69,92,2.83,True
220072,Bangalore-Bangalore Humsafar Express,918,1.43,91,2.24,True
120073,Chennai-Chennai Superfast Express,1189,1.19,118,1.96,True
220074,Bangalore-New Delhi Vande Bharat Express,542,2.56,54,5.04,True
120075,Bangalore-Mumbai Rajdhani Express,950,1.91,95,3.25,True
120076,New Delhi-Bhopal Shatabdi Express,563,2.19,56,3.45,True
120077,Bangalore-Delhi Rajdhani Express,830,1.71,83,3.42,True
120078,New Delhi-Jaipur Superfast Express,1298,0.91,129,1.4,True
10079,Bangalore-Chennai Mail,1345,0.99,134,1.93,True
120080,Kolkata-Delhi Superfast Express,1265,1.04,126,2.02,True
220081,Bangalore-Chennai Duronto Express,893,1.79,89,3.58,True
220082,Mumbai-New Delhi Humsafar Express,887,1.41,88,2.8,True
10083,Kolkata-Guwahati Mail,1406,1.04,140,1.75,True
10084,New Delhi-New Delhi Mail,1363,0.82,136,1.55,True
10085,Delhi-Mumbai Express,1487,0.89,148,1.73,True
120086,Bangalore-Guwahati Shatabdi Express,603,1.91,60,3.48,True
220087,Bangalore-Hyderabad Tejas Express,639,2.38,63,4.71,True
120088,Bangalore-New Delhi Superfast Express,1282,0.91,128,1.66,True
120089,New Delhi-Bangalore Jan Shatabdi,635,1.57,63,3.03,True
220090,Kolkata-Chennai Vande Bharat Express,443,2.44,44,4.72,True
120091,New Delhi-Ahmedabad Shatabdi Express,504,1.92,50,3.48,True
120092,Mumbai-Mumbai Rajdhani Express,960,1.72,96,3.03,True
220093,New Delhi-Guwahati Duronto Express,876,1.59,87,2.62,True
120094,Mumbai-Mumbai Jan Shatabdi,579,1.32,57,2.0,True
220095,Mumbai-Bangalore Vande Bharat Express,440,2.49,44,4.19,True
220096,Kolkata-Mumbai Tejas Express,610,2.15,61,4.27,True
220097,Kolkata-Mumbai Vande Bharat Express,494,2.3,49,4.04,True
10098,Agra-Chennai Mail,1421,1.01,142,1.54,True
10099,Kolkata-Mumbai Mail,1365,0.97,136,1.87,True
220100,Bangalore-Hyderabad Tejas Express,484,2.26,48,3.43,True
220101,Chennai-Jaipur Humsafar Express,806,1.63,80,2.72,True
220102,New Delhi-Kolkata Humsafar Express,804,1.52,80,2.99,True
120103,Mumbai-Bangalore Rajdhani Express,934,1.95,93,3.15,True
10104,Kolkata-New Delhi Mail,1267,0.77,126,1.52,True
50105,Mumbai-New Delhi Passenger,1675,0.46,83,0.86,True
220106,Mumbai-Chennai Tejas Express,611,2.19,61,4.04,True
10107,Bangalore-Kanpur Express,1336,0.76,133,1.29,True
50108,New Delhi-Lucknow Passenger,1604,0.74,80,1.24,True
120109,Mumbai-Lucknow Shatabdi Express,681,2.07,68,4.1,True
10110,Bangalore-Chennai Express,1356,0.77,135,1.44,True
120111,New Delhi-Guwahati Rajdhani Express,937,1.75,93,3.18,True
120112,Bangalore-Jaipur Garib Rath,1108,1.14,110,1.87,True
120113,Chennai-Bangalore Rajdhani Express,938,2.0,93,3.02,True
220114,Chennai-New Delhi Tejas Express,576,2.43,57,4.6,True
120115,Bangalore-Amritsar Superfast Express,1173,0.89,117,1.58,True
10116,Mumbai-Kanpur Express,1430,0.92,143,1.4,True
220117,Mumbai-New Delhi Duronto Express,1036,1.88,103,3.09,True
50118,Kolkata-Chennai Passenger,1563,0.77,78,1.34,True
220119,Mumbai-Chennai Tejas Express,529,2.45,52,4.19,True
10120,Mumbai-Mumbai Express,1438,0.85,143,1.56,True
220121,Agra-Bangalore Vande Bharat Express,590,2.67,59,4.76,True
10122,Chennai-Bhopal Express,1447,0.99,144,1.85,True
220123,Mumbai-Bangalore Humsafar Express,782,1.44,78,2.33,True
120124,Mumbai-Mumbai Rajdhani Express,919,1.76,91,2.96,True
220125,Mumbai-Bhopal Humsafar Express,881,1.45,88,2.4,True
220126,Bangalore-Mumbai Tejas Express,573,2.35,57,3.8,True
10127,Delhi-New Delhi Express,1340,0.9,134,1.53,True
220128,Mumbai-Mumbai Vande Bharat Express,536,2.46,53,3.76,True
220129,Kolkata-Kolkata Vande Bharat Express,624,2.45,62,4.0,True
120130,Mumbai-Mumbai Superfast Express,1195,1.14,119,1.94,True
120131,Bangalore-Mumbai Rajdhani Express,975,1.73,97,3.35,True
10132,New Delhi-Mumbai Mail,1276,0.89,127,1.43,True
220133,Kolkata-Bangalore Tejas Express,551,2.49,55,4.2,True
220134,Agra-Bangalore Tejas Express,632,2.46,63,4.55,True
10135,New Delhi-Bangalore Mail,1422,1.05,142,2.03,True
220136,Bangalore-Mumbai Duronto Express,971,1.73,97,3.02,True
10137,Mumbai-Kanpur Express,1392,0.97,139,1.61,True
220138,Chennai-New Delhi Humsafar Express,905,1.54,90,2.37,True
120139,Chennai-Ahmedabad Garib Rath,1093,1.02,109,1.93,True
120140,New Delhi-Kolkata Jan Shatabdi,729,1.49,72,2.83,True
120141,Bangalore-Chandigarh Shatabdi Express,669,2.02,66,3.7,True
10142,Chennai-Mumbai Express,1410,0.83,141,1.43,True
10143,Bangalore-Agra Mail,1419,0.7,141,1.11,True
10144,Bangalore-Delhi Mail,1395,0.85,139,1.59,True
220145,Kolkata-Bangalore Humsafar Express,859,1.34,85,2.07,True
120146,Kolkata-Bangalore Shatabdi Express,532,1.84,53,2.92,True
50147,Delhi-Mumbai Passenger,1552,0.6,77,1.06,True
10148,Delhi-Ahmedabad Mail,1262,1.01,126,1.64,True
120149,New Delhi-Lucknow Shatabdi Express,518,1.94,51,3.56,True
120150,Bangalore-Guwahati Garib Rath,1134,1.2,113,2.01,True
220151,New Delhi-Ambala Humsafar Express,769,1.36,76,2.41,True
220152,Chennai-Bangalore Duronto Express,871,1.81,87,2.95,True
120153,Bangalore-Mumbai Rajdhani Express,805,1.88,80,3.69,True
120154,Chennai-Jaipur Jan Shatabdi,705,1.3,70,2.24,True
50155,New Delhi-Amritsar Passenger,1684,0.48,84,0.9,True
120156,Bangalore-Kolkata Superfast Express,1280,1.06,128,1.86,True
120157,New Delhi-Mumbai Shatabdi Express,544,1.87,54,3.73,True
120158,Chennai-Guwahati Garib Rath,1163,1.21,116,1.93,True
120159,Mumbai-Kolkata Jan Shatabdi,721,1.22,72,1.91,True
50160,Bangalore-Ambala Passenger,1620,0.57,81,1.01,True
120161,New Delhi-Mumbai Jan Shatabdi,605,1.52,60,3.02,True
120162,Kolkata-Mumbai Superfast Express,1198,1.16,119,2.03,True
120163,Bangalore-New Delhi Jan Shatabdi,698,1.21,69,2.16,True
10164,New Delhi-Lucknow Mail,1275,0.74,127,1.22,True
50165,Bangalore-Delhi Passenger,1594,0.55,79,0.88,True
220166,Kolkata-Mumbai Vande Bharat Express,474,2.55,47,4.46,True
220167,New Delhi-New Delhi Vande Bharat Express,442,2.43,44,3.85,True
50168,Chennai-Agra Passenger,1507,0.73,75,1.18,True
220169,New Delhi-Chandigarh Duronto Express,905,1.73,90,2.76,True
220170,New Delhi-Chandigarh Tejas Express,551,2.33,55,4.51,True
10171,Chennai-New Delhi Mail,1387,0.85,138,1.51,True
10172,Bangalore-New Delhi Mail,1423,1.04,142,1.58,True
120173,Chennai-Delhi Superfast Express,1297,1.04,129,1.98,True
120174,Mumbai-Delhi Jan Shatabdi,687,1.2,68,1.92,True
120175,Bangalore-Mumbai Shatabdi Express,607,2.2,60,4.09,True
50176,Mumbai-New Delhi Passenger,1691,0.66,84,1.28,True
120177,Bangalore-Kolkata Superfast Express,1243,0.93,124,1.79,True
120178,New Delhi-Hyderabad Shatabdi Express,576,1.91,57,3.53,True
120179,New Delhi-Amritsar Shatabdi Express,531,1.85,53,3.47,True
120180,Bangalore-Mumbai Jan Shatabdi,736,1.51,73,2.46,True
120181,Chennai-Guwahati Garib Rath,1084,1.24,108,2.47,True
120182,Mumbai-Agra Shatabdi Express,533,1.94,53,3.59,True
120183,Mumbai-New Delhi Garib Rath,1186,1.01,118,1.58,True
220184,Mumbai-Kolkata Duronto Express,866,1.62,86,3.02,True
120185,Agra-Kolkata Shatabdi Express,507,1.88,50,3.1,True
120186,New Delhi-Kanpur Garib Rath,1194,1.09,119,1.69,True
220187,New Delhi-Guwahati Vande Bharat Express,450,2.44,45,4.42,True
120188,New Delhi-Mumbai Garib Rath,1142,1.22,114,2.15,True
220189,Mumbai-Chandigarh Duronto Express,1030,1.6,103,2.65,True
120190,Mumbai-New Delhi Garib Rath,1007,1.09,100,1.71,True
220191,Mumbai-New Delhi Tejas Express,521,2.47,52,3.93,True
120192,New Delhi-Mumbai Shatabdi Express,619,2.1,61,3.8,True
120193,Mumbai-Amritsar Jan Shatabdi,721,1.3,72,2.26,True
220194,Kolkata-Bhopal Duronto Express,1030,1.65,103,2.74,True
10195,New Delhi-Kanpur Mail,1387,0.99,138,1.61,True
120196,New Delhi-Mumbai Rajdhani Express,966,1.65,96,3.17,True
220197,Chennai-Hyderabad Tejas Express,509,2.32,50,4.26,True
120198,Kolkata-Chennai Garib Rath,1013,1.3,101,2.07,True
220199,Kolkata-Kolkata Tejas Express,632,2.2,63,4.0,True
120200,Kolkata-Jaipur Rajdhani Express,889,1.64,88,3.25,True
120201,Mumbai-Hyderabad Shatabdi Express,584,1.98,58,3.26,True
220202,Kolkata-Chandigarh Tejas Express,502,2.25,50,4.08,True
220203,Mumbai-Bangalore Humsafar Express,857,1.52,85,2.64,True
120204,New Delhi-Chennai Superfast Express,1195,1.14,119,2.25,True
50205,Bangalore-New Delhi Passenger,1563,0.75,78,1.26,True
10206,Bangalore-Kolkata Mail,1438,0.94,143,1.86,True
50207,Bangalore-Chennai Passenger,1613,0.42,80,0.79,True
10208,Mumbai-Chennai Mail,1435,0.96,143,1.86,True
220209,Mumbai-Kanpur Humsafar Express,802,1.53,80,2.64,True
120210,New Delhi-New Delhi Garib Rath,1095,1.1,109,1.94,True
120211,Bangalore-Amritsar Shatabdi Express,654,1.91,65,3.36,True
10212,Mumbai-Mumbai Mail,1423,0.9,142,1.42,True
220213,Agra-Hyderabad Humsafar Express,751,1.49,75,2.33,True
10214,Bangalore-Kanpur Mail,1447,0.78,144,1.3,True
10215,Mumbai-Delhi Express,1426,0.81,142,1.4,True
220216,New Delhi-Mumbai Duronto Express,1049,1.55,104,2.81,True
120217,Chennai-Bangalore Shatabdi Express,505,1.88,50,3.05,True
10218,Bangalore-Guwahati Express,1308,0.68,130,1.31,True
120219,Delhi-Mumbai Shatabdi Express,644,1.89,64,3.15,True
120220,New Delhi-Ahmedabad Garib Rath,1160,1.38,116,2.6,True
120221,Bangalore-Chandigarh Superfast Express,1215,0.81,121,1.32,True
120222,Kolkata-Chennai Superfast Express,1199,0.83,119,1.62,True
220223,Bangalore-New Delhi Tejas Express,626,2.29,62,3.61,True
120224,Mumbai-Kanpur Rajdhani Express,960,1.87,96,3.74,True
220225,Agra-New Delhi Humsafar Express,770,1.35,77,2.6,True
120226,Agra-Guwahati Garib Rath,1042,1.09,104,1.91,True
120227,Mumbai-Mumbai Rajdhani Express,914,1.61,91,3.14,True
220228,Chennai-Kolkata Humsafar Express,914,1.3,91,2.32,True
120229,Kolkata-Bangalore Garib Rath,1198,1.09,119,1.87,True
10230,New Delhi-New Delhi Express,1390,0.68,139,1.09,True
50231,Kolkata-Kolkata Passenger,1509,0.61,75,1.03,True
220232,Mumbai-New Delhi Humsafar Express,756,1.42,75,2.7,True
120233,Chennai-Bangalore Superfast Express,1266,0.96,126,1.9,True
120234,New Delhi-Mumbai Superfast Express,1279,0.84,127,1.68,True
220235,Bangalore-New Delhi Duronto Express,875,1.62,87,2.52,True
50236,Kolkata-Bangalore Passenger,1684,0.46,84,0.9,True
10237,Bangalore-Ambala Express,1315,0.87,131,1.65,True
220238,Delhi-Kanpur Tejas Express,545,2.21,54,4.38,True
120239,Bangalore-Kolkata Superfast Express,1121,0.98,112,1.78,True
120240,Mumbai-Kolkata Garib Rath,1110,1.24,111,2.3,True
120241,New Delhi-Kolkata Rajdhani Express,957,1.8,95,3.25,True
120242,New Delhi-New Delhi Shatabdi Express,665,1.95,66,3.71,True
50243,New Delhi-Ahmedabad Passenger,1596,0.6,79,0.94,True
220244,Mumbai-Kolkata Humsafar Express,812,1.52,81,2.84,True
120245,Mumbai-Bangalore Shatabdi Express,549,2.0,54,3.91,True
10246,Agra-New Delhi Express,1491,0.72,149,1.33,True
220247,Kolkata-Guwahati Vande Bharat Express,598,2.38,59,4.48,True
120248,Mumbai-New Delhi Jan Shatabdi,623,1.49,62,2.91,True
50249,Bangalore-Chennai Passenger,1685,0.6,84,1.08,True
120250,Mumbai-Kolkata Superfast Express,1204,1.19,120,2.28,True
220251,Mumbai-Mumbai Humsafar Express,804,1.32,80,2.0,True
120252,Bangalore-Mumbai Superfast Express,1234,1.0,123,1.68,True
120253,Kolkata-Mumbai Jan Shatabdi,705,1.27,70,2.07,True
120254,Mumbai-Bangalore Superfast Express,1294,1.19,129,2.28,True
50255,Mumbai-Chennai Passenger,1566,0.61,78,1.07,True
120256,Chennai-Kanpur Shatabdi Express,634,2.06,63,3.92,True
220257,Mumbai-Bangalore Vande Bharat Express,471,2.52,47,4.54,True
220258,Mumbai-New Delhi Duronto Express,1040,1.69,104,2.8,True
10259,Bangalore-Chennai Mail,1279,0.86,127,1.56,True
50260,Chennai-Ahmedabad Passenger,1592,0.4,79,0.62,True
10261,Kolkata-Kolkata Express,1403,0.88,140,1.68,True
120262,New Delhi-Jaipur Rajdhani Express,905,1.96,90,3.43,True
220263,Kolkata-Guwahati Vande Bharat Express,467,2.48,46,4.09,True
220264,Kolkata-Chandigarh Tejas Express,488,2.44,48,4.17,True
220265,Kolkata-Mumbai Tejas Express,577,2.38,57,4.73,True
220266,New Delhi-Bangalore Vande Bharat Express,608,2.56,60,4.23,True
220267,Kolkata-Kolkata Humsafar Express,894,1.45,89,2.37,True
120268,New Delhi-Kolkata Jan Shatabdi,554,1.45,55,2.84,True
120269,Agra-New Delhi Superfast Express,1154,0.9,115,1.75,True
220270,Chennai-New Delhi Humsafar Express,782,1.55,78,2.56,True
120271,Bangalore-Bhopal Superfast Express,1149,1.16,114,1.88,True
50272,Kolkata-Bangalore Passenger,1684,0.78,84,1.4,True
50273,New Delhi-Kanpur Passenger,1675,0.77,83,1.53,True
220274,Mumbai-Kolkata Humsafar Express,792,1.49,79,2.97,True
50275,Mumbai-New Delhi Passenger,1639,0.79,81,1.33,True
120276,Bangalore-Kolkata Superfast Express,1270,1.01,127,1.86,True
220277,New Delhi-Mumbai Tejas Express,525,2.14,52,3.25,True
120278,Kolkata-Ahmedabad Garib Rath,1063,1.07,106,1.73,True
10279,Kolkata-Kolkata Express,1448,0.98,144,1.52,True
220280,Chennai-Kolkata Vande Bharat Express,457,2.37,45,3.67,True
220281,New Delhi-Hyderabad Humsafar Express,937,1.45,93,2.32,True
10282,New Delhi-Ambala Express,1300,0.73,130,1.31,True
10283,New Delhi-Lucknow Mail,1413,0.78,141,1.19,True
120284,New Delhi-Mumbai Superfast Express,1255,0.93,125,1.54,True
10285,Bangalore-New Delhi Express,1448,0.65,144,0.98,True
120286,Kolkata-Kolkata Rajdhani Express,852,1.84,85,2.78,True
120287,Bangalore-Amritsar Superfast Express,1165,0.93,116,1.69,True
220288,Mumbai-New Delhi Tejas Express,510,2.15,51,4.23,True
50289,Kolkata-Bhopal Passenger,1546,0.41,77,0.72,True
220290,Agra-New Delhi Humsafar Express,832,1.6,83,2.82,True
10291,Kolkata-New Delhi Mail,1332,0.76,133,1.36,True
120292,Mumbai-Kanpur Jan Shatabdi,565,1.28,56,2.51,True
220293,Mumbai-Amritsar Duronto Express,883,1.78,88,3.41,True
50294,New Delhi-Chandigarh Passenger,1617,0.79,80,1.32,True
120295,Mumbai-Mumbai Superfast Express,1136,0.98,113,1.95,True
120296,Bangalore-Kanpur Rajdhani Express,968,1.68,96,2.75,True
220297,Mumbai-Kolkata Tejas Express,523,2.25,52,3.47,True
120298,Mumbai-Kolkata Shatabdi Express,575,1.95,57,3.04,True
220299,New Delhi-Bangalore Tejas Express,537,2.33,53,4.39,True
120300,Bangalore-Bhopal Superfast Express,1190,0.94,119,1.54,True
120301,Mumbai-Agra Garib Rath,1135,1.17,113,2.28,True
10302,Kolkata-Mumbai Express,1453,0.64,145,1.05,True
120303,Chennai-Guwahati Garib Rath,1179,1.12,117,2.15,True
220304,Mumbai-Lucknow Humsafar Express,792,1.48,79,2.69,True
120305,Bangalore-New Delhi Rajdhani Express,947,1.97,94,3.24,True
120306,New Delhi-New Delhi Garib Rath,1042,1.08,104,1.89,True
120307,Bangalore-New Delhi Shatabdi Express,687,1.99,68,3.67,True
120308,Mumbai-Chandigarh Rajdhani Express,892,1.97,89,3.79,True
220309,Kolkata-Mumbai Tejas Express,514,2.37,51,3.91,True
220310,New Delhi-Mumbai Vande Bharat Express,551,2.5,55,4.98,True
220311,Kolkata-Mumbai Duronto Express,942,1.58,94,2.93,True
220312,Mumbai-Bangalore Humsafar Express,821,1.51,82,2.3,True
120313,Mumbai-New Delhi Superfast Express,1257,1.05,125,2.0,True
120314,Mumbai-Mumbai Shatabdi Express,694,2.05,69,3.85,True
10315,Mumbai-Kanpur Express,1473,0.69,147,1.08,True
120316,Bangalore-New Delhi Shatabdi Express,632,1.9,63,3.29,True
120317,Mumbai-Kolkata Garib Rath,1192,1.25,119,2.21,True
220318,Mumbai-Chandigarh Vande Bharat Express,571,2.46,57,4.79,True
120319,New Delhi-Chandigarh Jan Shatabdi,668,1.48,66,2.62,True
220320,Delhi-Kolkata Tejas Express,528,2.21,52,3.93,True
120321,Kolkata-New Delhi Jan Shatabdi,568,1.5,56,2.63,True
10322,Bangalore-Jaipur Express,1418,0.91,141,1.8,True
220323,Mumbai-Jaipur Humsafar Express,923,1.54,92,2.98,True
120324,Kolkata-Chennai Shatabdi Express,683,2.0,68,3.15,True
10325,Bangalore-Ambala Mail,1366,0.97,136,1.89,True
120326,Kolkata-Mumbai Jan Shatabdi,743,1.42,74,2.14,True
120327,Mumbai-Mumbai Superfast Express,1105,1.14,110,1.76,True
220328,Kolkata-New Delhi Humsafar Express,935,1.33,93,2.57,True
120329,Mumbai-Chennai Rajdhani Express,959,1.83,95,3.08,True
10330,Kolkata-New Delhi Express,1302,0.66,130,1.05,True
120331,Mumbai-Agra Shatabdi Express,534,2.15,53,4.2,True
120332,New Delhi-Jaipur Shatabdi Express,541,1.81,54,3.53,True
120333,Bangalore-Hyderabad Garib Rath,1115,1.35,111,2.26,True
10334,Delhi-Bhopal Mail,1332,0.82,133,1.57,True
220335,Mumbai-Kanpur Humsafar Express,780,1.46,78,2.76,True
220336,Bangalore-Hyderabad Vande Bharat Express,461,2.62,46,4.56,True
50337,Kolkata-Chennai Passenger,1679,0.71,83,1.21,True
50338,Chennai-Mumbai Passenger,1606,0.66,80,1.32,True
220339,Delhi-New Delhi Duronto Express,1006,1.52,100,2.83,True
10340,Chennai-Mumbai Express,1410,0.67,141,1.03,True
120341,Mumbai-Bangalore Jan Shatabdi,700,1.3,70,2.46,True
120342,Delhi-Bangalore Rajdhani Express,840,1.94,84,3.88,True
120343,Agra-Delhi Superfast Express,1101,0.85,110,1.39,True
120344,Kolkata-Mumbai Rajdhani Express,856,1.9,85,3.79,True
120345,Bangalore-Bangalore Superfast Express,1273,0.8,127,1.48,True
120346,New Delhi-Bangalore Shatabdi Express,676,1.96,67,3.84,True
220347,New Delhi-Chennai Humsafar Express,828,1.69,82,3.09,True
120348,Kolkata-Bangalore Garib Rath,1136,1.26,113,2.0,True
120349,Bangalore-New Delhi Jan Shatabdi,629,1.59,62,2.53,True
120350,Chennai-Agra Rajdhani Express,976,1.68,97,3.1,True
220351,Mumbai-Mumbai Humsafar Express,837,1.66,83,2.74,True
10352,Bangalore-Hyderabad Express,1377,0.93,137,1.77,True
120353,Delhi-Mumbai Shatabdi Express,572,1.91,57,3.73,True
120354,Kolkata-New Delhi Shatabdi Express,660,1.93,66,3.05,True
120355,Chennai-Mumbai Jan Shatabdi,617,1.4,61,2.5,True
220356,New Delhi-Mumbai Vande Bharat Express,508,2.55,50,4.65,True
10357,Mumbai-Bangalore Mail,1409,1.01,140,1.58,True
220358,New Delhi-Mumbai Tejas Express,670,2.44,67,4.48,True
120359,Delhi-Mumbai Garib Rath,1034,1.1,103,2.09,True
120360,New Delhi-Jaipur Shatabdi Express,567,2.0,56,3.61,True
50361,Chennai-Kolkata Passenger,1600,0.52,80,0.94,True
120362,Kolkata-Delhi Shatabdi Express,623,2.19,62,3.69,True
120363,Bangalore-Mumbai Garib Rath,1049,1.08,104,1.67,True
120364,Mumbai-Hyderabad Jan Shatabdi,627,1.44,62,2.47,True
220365,Chennai-Kolkata Vande Bharat Express,463,2.37,46,4.2,True
120366,Mumbai-Bangalore Rajdhani Express,806,1.6,80,2.76,True
120367,Kolkata-Amritsar Superfast Express,1155,1.2,115,2.07,True
120368,Mumbai-Mumbai Jan Shatabdi,608,1.45,60,2.2,True
220369,Kolkata-Bangalore Humsafar Express,758,1.59,75,2.83,True
120370,Mumbai-Mumbai Shatabdi Express,538,2.03,53,4.05,True
220371,Kolkata-Ambala Duronto Express,902,1.71,90,2.91,True
10372,Bangalore-Bhopal Express,1393,0.87,139,1.69,True
120373,New Delhi-Kolkata Garib Rath,1010,1.09,101,2.04,True
50374,Mumbai-Guwahati Passenger,1551,0.76,77,1.48,True
220375,Chennai-Mumbai Vande Bharat Express,485,2.45,48,4.2,True
120376,Mumbai-Lucknow Shatabdi Express,625,1.98,62,3.37,True
120377,Mumbai-New Delhi Garib Rath,1080,1.29,108,2.06,True
220378,Bangalore-Kolkata Tejas Express,531,2.47,53,4.65,True
50379,Mumbai-Kanpur Passenger,1512,0.57,75,0.92,True
220380,Bangalore-Guwahati Duronto Express,873,1.57,87,2.73,True
50381,New Delhi-Mumbai Passenger,1615,0.72,80,1.37,True
220382,New Delhi-Mumbai Humsafar Express,816,1.68,81,2.7,True
50383,Bangalore-New Delhi Passenger,1521,0.48,76,0.86,True
120384,Kolkata-Bangalore Rajdhani Express,866,1.85,86,3.54,True
120385,Kolkata-Chennai Shatabdi Express,502,1.85,50,3.49,True
220386,Kolkata-Ambala Duronto Express,1042,1.79,104,3.3,True
220387,Mumbai-Bhopal Duronto Express,923,1.79,92,2.78,True
120388,Bangalore-Mumbai Jan Shatabdi,564,1.27,56,2.27,True
220389,Bangalore-Mumbai Humsafar Express,833,1.33,83,2.05,True
10390,Mumbai-Chandigarh Express,1436,0.72,143,1.19,True
120391,New Delhi-Chennai Garib Rath,1186,1.18,118,1.98,True
220392,Bangalore-Chennai Vande Bharat Express,551,2.67,55,5.2,True
120393,Bangalore-Guwahati Garib Rath,1153,1.31,115,2.61,True
120394,Kolkata-Bangalore Rajdhani Express,944,1.69,94,2.81,True
10395,Mumbai-Ahmedabad Mail,1324,0.69,132,1.04,True
220396,Kolkata-Bangalore Humsafar Express,784,1.4,78,2.58,True
220397,Chennai-Lucknow Tejas Express,606,2.3,60,3.51,True
220398,New Delhi-Chandigarh Tejas Express,534,2.18,53,3.37,True
10399,Mumbai-New Delhi Mail,1364,0.8,136,1.22,True
120400,New Delhi-Bangalore Jan Shatabdi,614,1.34,61,2.31,True
120401,New Delhi-Delhi Superfast Express,1208,0.98,120,1.72,True
120402,Bangalore-Mumbai Jan Shatabdi,689,1.3,68,2.29,True
120403,Mumbai-Mumbai Superfast Express,1276,0.91,127,1.49,True
220404,Delhi-New Delhi Duronto Express,939,1.88,93,2.92,True
10405,Kolkata-Mumbai Express,1485,0.73,148,1.1,True
220406,Agra-Mumbai Humsafar Express,835,1.57,83,2.38,True
220407,Bangalore-New Delhi Tejas Express,514,2.28,51,3.97,True
120408,Chennai-New Delhi Rajdhani Express,915,1.77,91,3.01,True
120409,Bangalore-Hyderabad Jan Shatabdi,666,1.49,66,2.71,True
120410,Mumbai-Mumbai Shatabdi Express,645,2.19,64,3.51,True
120411,Chennai-Mumbai Rajdhani Express,896,1.91,89,3.42,True
220412,Bangalore-New Delhi Vande Bharat Express,439,2.34,43,4.66,True
10413,New Delhi-Kanpur Express,1399,0.71,139,1.11,True
10414,Kolkata-Ambala Express,1362,0.69,136,1.36,True
120415,Kolkata-New Delhi Superfast Express,1272,1.06,127,2.07,True
10416,Chennai-Bangalore Express,1442,0.8,144,1.55,True
220417,Kolkata-Guwahati Humsafar Express,922,1.66,92,2.77,True
220418,Kolkata-New Delhi Tejas Express,545,2.15,54,3.87,True
120419,Kolkata-Mumbai Superfast Express,1136,1.12,113,1.72,True
50420,Kolkata-Bhopal Passenger,1610,0.51,80,0.81,True
120421,Bangalore-Mumbai Shatabdi Express,582,1.89,58,3.67,True
220422,New Delhi-Mumbai Tejas Express,655,2.48,65,4.1,True
50423,Mumbai-Kanpur Passenger,1503,0.53,75,0.88,True
220424,Bangalore-Kolkata Tejas Express,572,2.31,57,3.81,True
220425,Kolkata-Bangalore Tejas Express,484,2.24,48,3.47,True
10426,Bangalore-Chandigarh Mail,1346,0.96,134,1.75,True
50427,New Delhi-Kolkata Passenger,1606,0.68,80,1.35,True
10428,Kolkata-Bhopal Mail,1414,0.87,141,1.43,True
120429,New Delhi-Kolkata Garib Rath,1163,1.03,116,1.6,True
120430,New Delhi-Guwahati Rajdhani Express,871,1.8,87,3.54,True
120431,Kolkata-New Delhi Superfast Express,1111,0.83,111,1.25,True
220432,New Delhi-Bhopal Duronto Express,1036,1.76,103,2.87,True
10433,Mumbai-Kolkata Express,1413,0.66,141,1.2,True
220434,Mumbai-Bangalore Vande Bharat Express,534,2.48,53,3.95,True
120435,Mumbai-Chandigarh Garib Rath,1182,1.37,118,2.23,True
50436,Mumbai-Chennai Passenger,1617,0.42,80,0.64,True
120437,Bangalore-Guwahati Garib Rath,1081,1.15,108,2.05,True
120438,Bangalore-Delhi Jan Shatabdi,632,1.51,63,2.54,True
120439,Bangalore-Agra Garib Rath,1164,1.01,116,1.84,True
220440,Bangalore-Mumbai Vande Bharat Express,600,2.38,60,4.39,True
220441,Kolkata-Ahmedabad Duronto Express,918,1.7,91,2.63,True
120442,New Delhi-Mumbai Garib Rath,1186,1.38,118,2.27,True
220443,Mumbai-Kolkata Duronto Express,1043,1.89,104,3.56,True
50444,New Delhi-New Delhi Passenger,1650,0.71,82,1.1,True
50445,Mumbai-Hyderabad Passenger,1675,0.53,83,0.81,True
120446,Chennai-Mumbai Superfast Express,1237,0.82,123,1.62,True
120447,Mumbai-Agra Superfast Express,1134,1.08,113,1.86,True
10448,Kolkata-Ahmedabad Mail,1265,0.67,126,1.3,True
220449,Kolkata-Mumbai Duronto Express,894,1.88,89,3.21,True
10450,Agra-Bangalore Mail,1421,1.02,142,1.69,True
220451,Mumbai-Mumbai Tejas Express,600,2.33,60,3.88,True
10452,Kolkata-Lucknow Express,1499,0.98,149,1.89,True
120453,New Delhi-Lucknow Shatabdi Express,502,2.12,50,3.46,True
10454,New Delhi-Delhi Express,1476,0.8,147,1.25,True
220455,Mumbai-Guwahati Vande Bharat Express,590,2.41,59,4.77,True
220456,Kolkata-Kolkata Humsafar Express,917,1.64,91,2.59,True
120457,Mumbai-Lucknow Garib Rath,1077,1.13,107,1.82,True
220458,New Delhi-Bangalore Humsafar Express,885,1.47,88,2.35,True
120459,Mumbai-Mumbai Garib Rath,1039,1.01,103,1.83,True
10460,Kolkata-Delhi Mail,1276,0.69,127,1.16,True
10461,Chennai-Kolkata Mail,1284,0.78,128,1.22,True
220462,Mumbai-Jaipur Duronto Express,990,1.62,99,2.73,True
220463,New Delhi-Bangalore Duronto Express,934,1.76,93,2.94,True
120464,Kolkata-Chennai Shatabdi Express,601,2.01,60,3.26,True
120465,Delhi-Chandigarh Garib Rath,1058,1.32,105,2.17,True
120466,Kolkata-Kolkata Rajdhani Express,881,1.64,88,2.81,True
50467,Kolkata-Bangalore Passenger,1543,0.71,77,1.17,True
120468,Bangalore-New Delhi Shatabdi Express,579,2.18,57,4.02,True
120469,Kolkata-Bangalore Jan Shatabdi,622,1.58,62,2.45,True
120470,Chennai-New Delhi Shatabdi Express,638,1.96,63,3.46,True
220471,Kolkata-Ahmedabad Tejas Express,535,2.23,53,3.43,True
50472,Bangalore-Guwahati Passenger,1543,0.48,77,0.73,True
120473,New Delhi-New Delhi Shatabdi Express,638,2.07,63,3.5,True
220474,Bangalore-Bangalore Vande Bharat Express,509,2.33,50,3.83,True
10475,Kolkata-Bangalore Express,1355,0.9,135,1.77,True
220476,Kolkata-New Delhi Tejas Express,580,2.16,58,4.25,True
50477,New Delhi-Chandigarh Passenger,1537,0.42,76,0.81,True
120478,Delhi-Mumbai Superfast Express,1219,1.06,121,1.9,True
120479,Mumbai-Amritsar Superfast Express,1287,0.9,128,1.49,True
120480,Bangalore-Ambala Jan Shatabdi,652,1.28,65,2.33,True
220481,Bangalore-Hyderabad Duronto Express,867,1.69,86,2.9,True
120482,Chennai-Bangalore Superfast Express,1262,0.94,126,1.6,True
120483,Mumbai-Bangalore Shatabdi Express,518,1.82,51,2.75,True
120484,Agra-Bhopal Superfast Express,1220,0.85,122,1.43,True
10485,New Delhi-Kanpur Express,1334,0.85,133,1.36,True
120486,Delhi-Mumbai Jan Shatabdi,685,1.31,68,2.06,True
220487,Bangalore-Kanpur Humsafar Express,802,1.49,80,2.96,True
120488,Bangalore-Lucknow Rajdhani Express,952,1.65,95,2.6,True
120489,Kolkata-Amritsar Superfast Express,1236,1.01,123,1.62,True
220490,Mumbai-Bangalore Vande Bharat Express,517,2.63,51,5.15,True
10491,Mumbai-Delhi Express,1386,0.71,138,1.26,True
220492,Agra-Chandigarh Tejas Express,642,2.39,64,3.8,True
220493,Bangalore-Chennai Tejas Express,506,2.14,50,3.59,True
10494,New Delhi-Mumbai Mail,1276,1.04,127,1.65,True
120495,New Delhi-Bangalore Shatabdi Express,603,1.89,60,3.5,True
220496,Bangalore-Bangalore Tejas Express,627,2.45,62,4.1,True
120497,New Delhi-Jaipur Garib Rath,1092,1.05,109,1.96,True
10498,New Delhi-Ambala Mail,1284,0.69,128,1.1,True
50499,Mumbai-Ahmedabad Passenger,1512,0.64,75,1.24,True
220500,New Delhi-Ahmedabad Vande Bharat Express,567,2.6,56,4.83,True
10501,New Delhi-Kolkata Mail,1299,0.76,129,1.29,True
50502,New Delhi-Mumbai Passenger,1577,0.75,78,1.4,True
10503,Bangalore-Kanpur Express,1426,0.95,142,1.46,True
120504,New Delhi-Bangalore Jan Shatabdi,576,1.5,57,2.79,True
120505,Mumbai-Jaipur Shatabdi Express,618,1.88,61,3.69,True
120506,Kolkata-Mumbai Rajdhani Express,880,1.73,88,3.22,True
220507,New Delhi-Hyderabad Duronto Express,956,1.83,95,3.61,True
220508,Mumbai-New Delhi Humsafar Express,885,1.51,88,2.93,True
220509,Agra-Kolkata Tejas Express,498,2.29,49,4.15,True
50510,Chennai-Mumbai Passenger,1604,0.65,80,1.03,True
220511,New Delhi-Kolkata Humsafar Express,821,1.38,82,2.35,True
120512,New Delhi-Kanpur Shatabdi Express,643,2.12,64,3.34,True
120513,Kolkata-Delhi Jan Shatabdi,689,1.41,68,2.5,True
120514,Kolkata-Bhopal Rajdhani Express,981,1.86,98,3.67,True
120515,New Delhi-Hyderabad Jan Shatabdi,670,1.59,67,3.08,True
120516,Bangalore-Kolkata Superfast Express,1111,1.09,111,2.13,True
120517,Mumbai-Delhi Rajdhani Express,928,1.98,92,3.2,True
10518,Kolkata-Chennai Express,1369,0.79,136,1.27,True
10519,Mumbai-Bhopal Express,1362,0.97,136,1.79,True
120520,Bangalore-New Delhi Garib Rath,1126,1.17,112,1.79,True
120521,New Delhi-Bangalore Garib Rath,1047,1.35,104,2.54,True
120522,Bangalore-Agra Superfast Express,1151,0.86,115,1.7,True
220523,Kolkata-Kolkata Duronto Express,995,1.73,99,2.68,True
220524,Delhi-New Delhi Duronto Express,958,1.9,95,3.38,True
50525,Mumbai-Agra Passenger,1648,0.42,82,0.71,True
120526,Chennai-Jaipur Garib Rath,1032,1.36,103,2.42,True
120527,Kolkata-Mumbai Garib Rath,1054,1.02,105,1.96,True
220528,Bangalore-Bangalore Humsafar Express,848,1.67,84,2.54,True
10529,Kolkata-Mumbai Express,1344,0.71,134,1.2,True
50530,Mumbai-Bhopal Passenger,1600,0.51,80,0.83,True
120531,Mumbai-New Delhi Shatabdi Express,636,2.06,63,3.36,True
220532,Mumbai-Bangalore Tejas Express,586,2.22,58,4.02,True
220533,New Delhi-Chennai Vande Bharat Express,598,2.57,59,4.3,True
120534,Kolkata-Chennai Shatabdi Express,572,2.13,57,3.58,True
220535,Kolkata-Jaipur Tejas Express,508,2.3,50,4.19,True
220536,New Delhi-Ambala Vande Bharat Express,617,2.53,61,4.22,True
120537,Bangalore-Kanpur Shatabdi Express,560,2.18,56,4.04,True
10538,Bangalore-Kanpur Mail,1341,0.95,134,1.79,True
50539,Mumbai-New Delhi Passenger,1664,0.78,83,1.28,True
120540,Bangalore-Chandigarh Garib Rath,1106,1.21,110,2.21,True
220541,Bangalore-New Delhi Vande Bharat Express,477,2.58,47,4.35,True
120542,Delhi-Mumbai Jan Shatabdi,584,1.51,58,2.63,True
220543,Kolkata-Bangalore Vande Bharat Express,578,2.62,57,4.74,True
220544,Kolkata-Bangalore Vande Bharat Express,510,2.48,51,4.36,True
120545,New Delhi-Jaipur Rajdhani Express,816,1.84,81,3.4,True
220546,Kolkata-Ambala Humsafar Express,919,1.32,91,2.01,True
10547,Chennai-Chandigarh Mail,1378,0.65,137,1.13,True
120548,New Delhi-Mumbai Rajdhani Express,855,1.92,85,2.91,True
120549,Mumbai-Delhi Superfast Express,1176,1.12,117,2.07,True
220550,Chennai-Kolkata Vande Bharat Express,475,2.36,47,4.48,True
10551,New Delhi-Mumbai Express,1387,0.71,138,1.22,True
10552,Mumbai-Lucknow Express,1376,0.76,137,1.2,True
50553,Bangalore-Chennai Passenger,1620,0.61,81,0.96,True
10554,Agra-Mumbai Express,1320,0.87,132,1.73,True
120555,Kolkata-Kolkata Jan Shatabdi,702,1.49,70,2.87,True
220556,Kolkata-New Delhi Duronto Express,955,1.81,95,3.42,True
120557,Mumbai-Delhi Superfast Express,1299,0.99,129,1.49,True
120558,Mumbai-Bangalore Jan Shatabdi,570,1.2,57,2.28,True
120559,Bangalore-Mumbai Jan Shatabdi,654,1.28,65,2.26,True
220560,New Delhi-Mumbai Vande Bharat Express,588,2.35,58,3.82,True
220561,Kolkata-Kanpur Duronto Express,897,1.83,89,3.14,True
220562,Delhi-Bangalore Vande Bharat Express,444,2.67,44,4.11,True
120563,Kolkata-Chennai Superfast Express,1186,0.84,118,1.66,True
50564,Agra-Delhi Passenger,1640,0.69,82,1.26,True
120565,Kolkata-Kanpur Garib Rath,1026,1.39,102,2.44,True
50566,Agra-Jaipur Passenger,1506,0.5,75,0.8,True
120567,Chennai-Chandigarh Garib Rath,1039,1.33,103,2.1,True
10568,Agra-Bangalore Mail,1446,0.68,144,1.3,True
220569,Agra-Bangalore Humsafar Express,750,1.58,75,2.94,True
220570,Delhi-Lucknow Humsafar Express,943,1.35,94,2.42,True
10571,Bangalore-Hyderabad Express,1427,1.0,142,1.89,True
50572,Bangalore-Mumbai Passenger,1642,0.72,82,1.38,True
220573,Chennai-Chennai Tejas Express,653,2.31,65,4.51,True
120574,Chennai-Kolkata Shatabdi Express,574,2.04,57,3.95,True
120575,Bangalore-Chennai Jan Shatabdi,561,1.26,56,2.27,True
120576,Agra-New Delhi Rajdhani Express,878,1.71,87,3.17,True
120577,Kolkata-Agra Superfast Express,1209,1.16,120,1.83,True
220578,Mumbai-Kanpur Duronto Express,943,1.73,94,2.73,True
10579,New Delhi-Agra Express,1438,0.74,143,1.4,True
10580,Kolkata-New Delhi Express,1446,0.97,144,1.6,True
120581,Agra-Bangalore Shatabdi Express,561,1.88,56,2.9,True
220582,New Delhi-Ambala Humsafar Express,788,1.62,78,2.92,True
120583,New Delhi-Lucknow Superfast Express,1235,0.9,123,1.74,True
220584,Kolkata-Ambala Tejas Express,660,2.33,66,3.7,True
120585,Agra-New Delhi Jan Shatabdi,731,1.23,73,2.26,True
10586,Kolkata-Chennai Mail,1449,1.01,144,1.66,True
50587,Chennai-Kanpur Passenger,1628,0.78,81,1.25,True
220588,Bangalore-Chennai Humsafar Express,800,1.57,80,2.54,True
120589,New Delhi-Mumbai Shatabdi Express,621,1.94,62,3.51,True
10590,Bangalore-Mumbai Mail,1297,0.91,129,1.73,True
120591,New Delhi-Bangalore Garib Rath,1183,1.2,118,1.93,True
220592,Mumbai-Mumbai Duronto Express,890,1.53,89,2.67,True
10593,Bangalore-New Delhi Express,1384,0.92,138,1.45,True
50594,Mumbai-Ambala Passenger,1598,0.41,79,0.8,True
220595,Mumbai-Agra Humsafar Express,825,1.63,82,2.79,True
120596,Mumbai-Chennai Jan Shatabdi,707,1.33,70,2.4,True
120597,Mumbai-Bangalore Rajdhani Express,972,1.88,97,3.15,True
220598,New Delhi-Agra Vande Bharat Express,455,2.61,45,4.09,True
10599,Kolkata-Chandigarh Mail,1321,0.82,132,1.44,True
220600,Kolkata-Ahmedabad Duronto Express,1036,1.9,103,3.38,True
50601,Agra-Bhopal Passenger,1603,0.46,80,0.8,True
220602,Bangalore-Ambala Tejas Express,490,2.42,49,4.72,True
120603,Mumbai-Mumbai Superfast Express,1238,0.81,123,1.27,True
220604,New Delhi-New Delhi Duronto Express,1035,1.76,103,2.89,True
120605,Chennai-New Delhi Rajdhani Express,800,1.64,80,2.85,True
220606,New Delhi-Delhi Duronto Express,872,1.73,87,2.69,True
10607,Delhi-Lucknow Express,1423,0.78,142,1.46,True
220608,Bangalore-Bangalore Duronto Express,984,1.51,98,2.76,True
220609,Mumbai-Kolkata Vande Bharat Express,559,2.45,55,4.69,True
220610,Kolkata-Mumbai Tejas Express,586,2.48,58,4.12,True
50611,Bangalore-Guwahati Passenger,1692,0.78,84,1.21,True
120612,New Delhi-Chennai Jan Shatabdi,724,1.55,72,2.32,True
10613,New Delhi-New Delhi Express,1491,0.78,149,1.53,True
120614,Agra-Kolkata Jan Shatabdi,580,1.37,58,2.14,True
220615,Mumbai-New Delhi Duronto Express,930,1.5,93,2.54,True
220616,Mumbai-Chandigarh Humsafar Express,810,1.3,81,2.44,True
50617,Mumbai-New Delhi Passenger,1529,0.57,76,1.06,True
120618,Bangalore-Ambala Garib Rath,1005,1.2,100,2.29,True
120619,Mumbai-Hyderabad Superfast Express,1137,0.8,113,1.37,True
120620,Agra-Amritsar Garib Rath,1039,1.23,103,2.3,True
220621,Agra-Kolkata Humsafar Express,858,1.36,85,2.39,True
220622,Bangalore-New Delhi Vande Bharat Express,447,2.44,44,3.91,True
120623,Chennai-Jaipur Shatabdi Express,500,1.94,50,3.43,True
50624,Mumbai-New Delhi Passenger,1659,0.68,82,1.35,True
10625,Bangalore-Bangalore Mail,1328,0.85,132,1.34,True
10626,Mumbai-Amritsar Express,1362,0.68,136,1.19,True
120627,Kolkata-Amritsar Superfast Express,1162,1.06,116,2.03,True
120628,Kolkata-Kolkata Shatabdi Express,579,1.91,57,3.14,True
120629,Bangalore-Agra Garib Rath,1069,1.36,106,2.16,True
50630,New Delhi-Kolkata Passenger,1639,0.41,81,0.78,True
120631,Mumbai-Kanpur Rajdhani Express,828,1.83,82,3.08,True
10632,Bangalore-Kolkata Express,1482,0.98,148,1.72,True
50633,Chennai-Mumbai Passenger,1624,0.66,81,1.1,True
10634,Delhi-Ahmedabad Express,1438,0.92,143,1.57,True
120635,Agra-Kolkata Rajdhani Express,933,2.0,93,3.41,True
220636,Kolkata-New Delhi Humsafar Express,919,1.48,91,2.78,True
120637,Mumbai-Ambala Shatabdi Express,504,1.95,50,3.57,True
220638,Kolkata-New Delhi Duronto Express,878,1.88,87,3.67,True
50639,Mumbai-Kolkata Passenger,1639,0.58,81,1.16,True
50640,Mumbai-Agra Passenger,1541,0.53,77,0.96,True
220641,Bangalore-Kolkata Tejas Express,567,2.11,56,3.27,True
120642,Bangalore-Bhopal Jan Shatabdi,557,1.48,55,2.7,True
120643,New Delhi-Chandigarh Shatabdi Express,663,2.07,66,3.56,True
50644,Agra-Ahmedabad Passenger,1621,0.65,81,1.04,True
120645,Bangalore-Bangalore Rajdhani Express,892,1.7,89,2.57,True
120646,Bangalore-Mumbai Rajdhani Express,809,1.88,80,3.54,True
120647,Chennai-Bhopal Superfast Express,1257,0.93,125,1.85,True
220648,New Delhi-Guwahati Tejas Express,518,2.27,51,4.17,True
120649,New Delhi-New Delhi Garib Rath,1084,1.07,108,1.93,True
120650,New Delhi-Bangalore Superfast Express,1233,0.91,123,1.38,True
220651,Mumbai-Bangalore Tejas Express,480,2.14,48,4.0,True
220652,Kolkata-Guwahati Tejas Express,650,2.17,65,3.36,True
10653,Delhi-New Delhi Express,1363,0.84,136,1.36,True
10654,Bangalore-Bangalore Mail,1431,0.67,143,1.32,True
10655,Kolkata-Mumbai Express,1348,1.0,134,1.87,True
220656,Delhi-Ambala Humsafar Express,847,1.69,84,3.02,True
120657,Mumbai-Chandigarh Shatabdi Express,560,2.01,56,3.89,True
220658,Mumbai-Chennai Duronto Express,947,1.89,94,3.52,True
220659,New Delhi-Kanpur Tejas Express,628,2.26,62,3.41,True
220660,Bangalore-Bangalore Duronto Express,973,1.51,97,3.0,True
120661,New Delhi-Chandigarh Garib Rath,1013,1.33,101,2.45,True
120662,Bangalore-Mumbai Superfast Express,1182,1.16,118,2.22,True
50663,Bangalore-Mumbai Passenger,1559,0.56,77,1.06,True
120664,Mumbai-Mumbai Garib Rath,1022,1.39,102,2.77,True
50665,Bangalore-New Delhi Passenger,1625,0.55,81,0.93,True
220666,Chennai-Kolkata Tejas Express,564,2.32,56,4.55,True
120667,Kolkata-Agra Superfast Express,1108,0.87,110,1.31,True
220668,Mumbai-Kolkata Vande Bharat Express,601,2.6,60,3.97,True
120669,Mumbai-Mumbai Shatabdi Express,555,1.86,55,3.26,True
120670,Mumbai-Mumbai Rajdhani Express,800,1.66,80,2.52,True
220671,Mumbai-Kolkata Tejas Express,558,2.14,55,3.27,True
220672,Bangalore-Chandigarh Tejas Express,633,2.19,63,3.82,True
220673,Chennai-New Delhi Tejas Express,567,2.32,56,4.15,True
220674,Chennai-Ahmedabad Vande Bharat Express,534,2.38,53,4.17,True
220675,Mumbai-Bangalore Tejas Express,663,2.27,66,4.4,True
220676,Mumbai-Bhopal Humsafar Express,862,1.61,86,2.9,True
220677,Mumbai-Jaipur Duronto Express,904,1.8,90,2.74,True
220678,Mumbai-Kolkata Duronto Express,1015,1.78,101,2.88,True
50679,New Delhi-Ahmedabad Passenger,1700,0.71,85,1.1,True
220680,New Delhi-Ahmedabad Tejas Express,606,2.34,60,4.35,True
120681,Mumbai-Kolkata Rajdhani Express,816,2.0,81,3.42,True
50682,Chennai-Bhopal Passenger,1663,0.71,83,1.3,True
220683,Mumbai-Chennai Tejas Express,576,2.35,57,4.37,True
120684,Chennai-Agra Rajdhani Express,896,1.71,89,2.94,True
220685,Bangalore-Kanpur Vande Bharat Express,483,2.55,48,4.9,True
220686,Mumbai-Chennai Duronto Express,943,1.69,94,3.35,True
120687,Bangalore-Kanpur Garib Rath,1014,1.0,101,1.96,True
120688,Agra-Bangalore Shatabdi Express,691,2.13,69,3.66,True
10689,Bangalore-Chennai Mail,1441,0.78,144,1.37,True
10690,Kolkata-Bangalore Express,1309,0.8,130,1.27,True
10691,Bangalore-Ambala Express,1473,0.64,147,1.15,True
10692,New Delhi-Kolkata Express,1386,0.8,138,1.29,True
220693,Chennai-Bangalore Vande Bharat Express,618,2.47,61,4.78,True
120694,Chennai-Guwahati Jan Shatabdi,746,1.59,74,2.42,True
220695,Mumbai-Mumbai Tejas Express,582,2.1,58,3.85,True
120696,Bangalore-Jaipur Garib Rath,1127,1.26,112,2.09,True
120697,Delhi-Bangalore Superfast Express,1169,0.96,116,1.78,True
120698,Bangalore-Kanpur Rajdhani Express,850,1.78,85,3.09,True
120699,Mumbai-Mumbai Garib Rath,1091,1.03,109,1.67,True
220700,New Delhi-Chandigarh Tejas Express,545,2.4,54,4.4,True
120701,Mumbai-Kanpur Jan Shatabdi,664,1.3,66,2.2,True
120702,Bangalore-Kolkata Garib Rath,1115,1.24,111,2.07,True
120703,Bangalore-Bangalore Rajdhani Express,828,2.0,82,3.27,True
220704,Mumbai-Ambala Vande Bharat Express,550,2.44,55,4.24,True
220705,Kolkata-Mumbai Humsafar Express,885,1.45,88,2.58,True
50706,Mumbai-Bhopal Passenger,1637,0.44,81,0.77,True
220707,New Delhi-Mumbai Vande Bharat Express,460,2.64,46,4.48,True
120708,Chennai-Bhopal Shatabdi Express,555,2.17,55,3.96,True
120709,Kolkata-Hyderabad Shatabdi Express,528,2.1,52,3.34,True
120710,New Delhi-Bhopal Shatabdi Express,634,1.82,63,2.89,True
220711,New Delhi-Guwahati Duronto Express,960,1.63,96,2.99,True
120712,Bangalore-New Delhi Superfast Express,1294,0.92,129,1.75,True
50713,Kolkata-New Delhi Passenger,1602,0.75,80,1.32,True
10714,Bangalore-New Delhi Express,1381,0.89,138,1.64,True
120715,Mumbai-Kolkata Rajdhani Express,867,1.83,86,3.48,True
50716,Bangalore-Mumbai Passenger,1562,0.58,78,0.88,True
220717,Chennai-Kolkata Tejas Express,582,2.35,58,4.16,True
220718,New Delhi-Bangalore Duronto Express,1001,1.63,100,2.75,True
120719,Bangalore-Chennai Jan Shatabdi,602,1.53,60,2.62,True
120720,Kolkata-Bhopal Jan Shatabdi,571,1.43,57,2.78,True
220721,Kolkata-Mumbai Tejas Express,525,2.35,52,3.73,True
10722,Bangalore-Kolkata Mail,1288,0.97,128,1.71,True
10723,Delhi-Agra Express,1445,0.63,144,1.05,True
220724,Mumbai-Jaipur Tejas Express,550,2.35,55,4.48,True
120725,New Delhi-Amritsar Garib Rath,1139,1.12,113,2.19,True
220726,Chennai-Amritsar Humsafar Express,763,1.4,76,2.19,True
120727,New Delhi-Kanpur Superfast Express,1239,0.91,123,1.54,True
220728,Kolkata-Hyderabad Vande Bharat Express,552,2.58,55,4.57,True
220729,Delhi-Mumbai Tejas Express,619,2.16,61,3.26,True
220730,Chennai-Ahmedabad Humsafar Express,766,1.36,76,2.71,True
50731,Delhi-Kanpur Passenger,1637,0.65,81,1.05,True
120732,New Delhi-Ambala Shatabdi Express,597,2.16,59,3.31,True
220733,New Delhi-Chennai Tejas Express,514,2.46,51,3.79,True
10734,Mumbai-Bangalore Express,1346,0.99,134,1.82,True
10735,Bangalore-Mumbai Mail,1273,0.75,127,1.49,True
220736,Bangalore-Agra Vande Bharat Express,466,2.53,46,4.09,True
120737,New Delhi-Kanpur Garib Rath,1124,1.16,112,1.94,True
50738,New Delhi-Mumbai Passenger,1564,0.46,78,0.81,True
120739,Bangalore-Agra Superfast Express,1272,0.84,127,1.37,True
220740,Mumbai-New Delhi Humsafar Express,898,1.62,89,2.6,True
120741,Mumbai-Kolkata Rajdhani Express,906,1.95,90,2.99,True
220742,Kolkata-Chennai Humsafar Express,908,1.36,90,2.65,True
120743,New Delhi-Mumbai Jan Shatabdi,609,1.34,60,2.63,True
120744,Bangalore-Bangalore Rajdhani Express,988,1.99,98,3.66,True
220745,Mumbai-Guwahati Duronto Express,883,1.54,88,2.59,True
120746,Bangalore-Mumbai Jan Shatabdi,723,1.21,72,2.06,True
220747,New Delhi-Delhi Tejas Express,529,2.46,52,4.91,True
220748,Bangalore-Chennai Vande Bharat Express,593,2.55,59,5.07,True
120749,New Delhi-Chennai Jan Shatabdi,624,1.28,62,2.45,True
220750,Kolkata-New Delhi Tejas Express,654,2.22,65,4.38,True
10751,New Delhi-Chandigarh Mail,1403,0.76,140,1.33,True
220752,Mumbai-Chennai Tejas Express,663,2.18,66,3.6,True
220753,Delhi-New Delhi Vande Bharat Express,527,2.53,52,3.8,True
120754,New Delhi-Kolkata Shatabdi Express,683,2.18,68,3.54,True
120755,Kolkata-Jaipur Rajdhani Express,876,1.99,87,3.84,True
50756,Kolkata-New Delhi Passenger,1578,0.63,78,1.22,True
220757,Agra-New Delhi Vande Bharat Express,584,2.47,58,4.55,True
120758,Mumbai-Hyderabad Rajdhani Express,867,1.92,86,3.44,True
50759,Mumbai-Mumbai Passenger,1576,0.62,78,1.04,True
10760,Agra-Mumbai Express,1386,0.72,138,1.09,True
220761,Kolkata-Bangalore Humsafar Express,804,1.68,80,3.06,True
220762,Kolkata-Chennai Tejas Express,557,2.29,55,3.91,True
220763,New Delhi-New Delhi Humsafar Express,934,1.64,93,2.78,True
120764,New Delhi-Ahmedabad Jan Shatabdi,669,1.52,66,2.49,True
50765,New Delhi-Kanpur Passenger,1548,0.78,77,1.24,True
50766,Mumbai-Bangalore Passenger,1510,0.54,75,0.97,True
10767,Bangalore-Hyderabad Express,1388,0.73,138,1.24,True
220768,Bangalore-Kanpur Humsafar Express,757,1.49,75,2.42,True
120769,Bangalore-Mumbai Garib Rath,1064,1.15,106,2.13,True
120770,New Delhi-Bangalore Shatabdi Express,546,2.07,54,3.66,True
120771,New Delhi-Jaipur Superfast Express,1256,0.83,125,1.46,True
220772,Kolkata-Bangalore Vande Bharat Express,621,2.62,62,4.75,True
220773,Mumbai-Kolkata Humsafar Express,942,1.35,94,2.7,True
220774,New Delhi-New Delhi Vande Bharat Express,581,2.5,58,4.61,True
120775,Bangalore-Bangalore Jan Shatabdi,677,1.28,67,2.11,True
120776,Bangalore-New Delhi Superfast Express,1150,0.88,115,1.39,True
220777,New Delhi-Chennai Tejas Express,522,2.26,52,4.16,True
10778,Bangalore-Mumbai Mail,1424,0.79,142,1.56,True
120779,Mumbai-Bangalore Garib Rath,1007,1.28,100,2.02,True
220780,Chennai-Ahmedabad Tejas Express,536,2.29,53,3.97,True
10781,Chennai-Bangalore Mail,1370,0.69,137,1.27,True
50782,Mumbai-Mumbai Passenger,1588,0.5,79,0.92,True
120783,Bangalore-New Delhi Shatabdi Express,502,2.13,50,3.4,True
220784,Delhi-New Delhi Tejas Express,549,2.48,54,4.6,True
120785,Mumbai-Bangalore Rajdhani Express,905,1.86,90,3.62,True
120786,Bangalore-Chennai Jan Shatabdi,593,1.39,59,2.45,True
10787,Chennai-Ahmedabad Mail,1328,0.77,132,1.41,True
220788,Kolkata-Ahmedabad Duronto Express,957,1.83,95,3.13,True
120789,Kolkata-Ahmedabad Rajdhani Express,936,1.7,93,2.95,True
10790,New Delhi-Agra Mail,1448,1.03,144,1.84,True
220791,Agra-Lucknow Duronto Express,903,1.76,90,2.83,True
120792,Bangalore-Ambala Garib Rath,1139,1.06,113,1.79,True
220793,Agra-New Delhi Humsafar Express,835,1.41,83,2.33,True
220794,Bangalore-Hyderabad Tejas Express,560,2.34,56,4.37,True
50795,Mumbai-Mumbai Passenger,1508,0.46,75,0.75,True
120796,Mumbai-Guwahati Shatabdi Express,566,1.84,56,3.22,True
120797,New Delhi-Kolkata Rajdhani Express,844,1.8,84,3.53,True
120798,New Delhi-Ambala Jan Shatabdi,731,1.21,73,1.88,True
220799,New Delhi-Bangalore Vande Bharat Express,460,2.41,46,3.94,True
10800,Delhi-Hyderabad Express,1334,0.91,133,1.6,True
10801,Mumbai-Bangalore Express,1409,0.97,140,1.83,True
220802,Kolkata-Guwahati Vande Bharat Express,467,2.45,46,4.05,True
10803,Delhi-Mumbai Mail,1277,0.75,127,1.49,True
220804,Delhi-New Delhi Tejas Express,571,2.17,57,3.46,True
120805,Bangalore-Kolkata Rajdhani Express,922,1.86,92,3.37,True
10806,Mumbai-Mumbai Express,1318,0.87,131,1.32,True
220807,Chennai-Guwahati Vande Bharat Express,437,2.4,43,3.67,True
120808,Bangalore-New Delhi Garib Rath,1156,1.32,115,2.14,True
50809,Kolkata-Chandigarh Passenger,1617,0.41,80,0.71,True
120810,Bangalore-Amritsar Jan Shatabdi,580,1.44,58,2.67,True
10811,Delhi-Kolkata Express,1462,0.74,146,1.17,True
220812,Bangalore-Kolkata Tejas Express,561,2.45,56,4.6,True
120813,Bangalore-Kolkata Garib Rath,1031,1.07,103,1.99,True
120814,Agra-Mumbai Rajdhani Express,992,1.83,99,3.42,True
120815,Bangalore-Jaipur Superfast Express,1225,1.0,122,1.83,True
120816,Mumbai-Chandigarh Garib Rath,1027,1.2,102,2.11,True
220817,Mumbai-Amritsar Humsafar Express,843,1.32,84,2.11,True
120818,Bangalore-Bangalore Superfast Express,1221,1.09,122,1.74,True
220819,New Delhi-New Delhi Duronto Express,853,1.82,85,3.15,True
220820,Kolkata-Bangalore Humsafar Express,934,1.45,93,2.34,True
220821,New Delhi-New Delhi Tejas Express,543,2.27,54,4.05,True
120822,Kolkata-Kolkata Jan Shatabdi,555,1.29,55,2.29,True
10823,Mumbai-Jaipur Express,1440,0.88,144,1.53,True
220824,Mumbai-Bangalore Humsafar Express,810,1.34,81,2.29,True
120825,Bangalore-Mumbai Rajdhani Express,823,1.63,82,2.77,True
220826,Bangalore-Mumbai Tejas Express,662,2.24,66,3.79,True
220827,Chennai-Mumbai Vande Bharat Express,442,2.33,44,4.4,True
10828,Kolkata-New Delhi Mail,1293,0.96,129,1.51,True
120829,Mumbai-Jaipur Superfast Express,1151,1.11,115,2.13,True
120830,New Delhi-Kolkata Garib Rath,1075,1.36,107,2.51,True
120831,Bangalore-Chandigarh Shatabdi Express,538,1.93,53,2.98,True
10832,Mumbai-Bangalore Mail,1418,0.65,141,1.23,True
220833,Bangalore-Ahmedabad Vande Bharat Express,519,2.56,51,3.97,True
120834,Bangalore-Mumbai Rajdhani Express,944,1.97,94,3.15,True
10835,New Delhi-Mumbai Express,1386,0.94,138,1.44,True
220836,New Delhi-Mumbai Tejas Express,517,2.22,51,3.37,True
120837,New Delhi-Jaipur Rajdhani Express,883,1.98,88,3.91,True
220838,Kolkata-Ambala Tejas Express,538,2.5,53,3.81,True
220839,New Delhi-New Delhi Vande Bharat Express,480,2.35,48,3.65,True
10840,Bangalore-Mumbai Mail,1425,0.78,142,1.39,True
220841,Kolkata-Agra Vande Bharat Express,491,2.45,49,4.7,True
220842,Bangalore-Chennai Humsafar Express,836,1.36,83,2.66,True
120843,Chennai-Bangalore Rajdhani Express,959,1.64,95,2.88,True
220844,Mumbai-Chennai Vande Bharat Express,437,2.42,43,3.85,True
10845,Bangalore-Kolkata Express,1403,0.75,140,1.4,True
220846,Bangalore-Kolkata Humsafar Express,821,1.6,82,2.93,True
220847,New Delhi-Ahmedabad Tejas Express,608,2.24,60,4.04,True
50848,Mumbai-Ambala Passenger,1594,0.5,79,0.97,True
220849,New Delhi-Ambala Vande Bharat Express,609,2.39,60,4.4,True
220850,Mumbai-Ahmedabad Duronto Express,972,1.5,97,2.52,True
220851,Mumbai-Agra Tejas Express,680,2.42,68,3.83,True
120852,Chennai-Mumbai Jan Shatabdi,594,1.6,59,2.69,True
220853,Mumbai-Bangalore Duronto Express,913,1.86,91,2.96,True
220854,Bangalore-Amritsar Duronto Express,1049,1.78,104,2.69,True
50855,Bangalore-Delhi Passenger,1699,0.54,84,0.83,True
220856,Mumbai-Kolkata Vande Bharat Express,447,2.4,44,4.67,True
120857,New Delhi-Mumbai Shatabdi Express,637,1.81,63,3.51,True
220858,Mumbai-Hyderabad Tejas Express,496,2.12,49,3.51,True
120859,Kolkata-Chennai Rajdhani Express,902,1.96,90,3.23,True
10860,Bangalore-Kanpur Express,1482,0.99,148,1.64,True
220861,Agra-Delhi Tejas Express,642,2.45,64,4.64,True
220862,Kolkata-Bangalore Duronto Express,898,1.55,89,2.61,True
50863,New Delhi-Kanpur Passenger,1665,0.46,83,0.86,True
10864,Kolkata-Agra Mail,1395,1.02,139,1.62,True
120865,New Delhi-Mumbai Rajdhani Express,850,1.7,85,3.34,True
120866,Kolkata-Bangalore Superfast Express,1133,0.9,113,1.7,True
220867,Kolkata-Mumbai Humsafar Express,818,1.43,81,2.27,True
220868,Kolkata-Mumbai Duronto Express,898,1.52,89,2.51,True
10869,Mumbai-Kolkata Express,1408,0.94,140,1.87,True
10870,New Delhi-Bhopal Express,1322,0.95,132,1.67,True
10871,New Delhi-Bangalore Mail,1435,0.68,143,1.34,True
220872,New Delhi-Agra Humsafar Express,925,1.52,92,3.02,True
120873,Bangalore-New Delhi Shatabdi Express,518,2.1,51,3.33,True
10874,Mumbai-Hyderabad Express,1417,0.69,141,1.28,True
220875,Kolkata-Kolkata Humsafar Express,893,1.52,89,2.34,True
50876,Bangalore-Bangalore Passenger,1587,0.61,79,0.97,True
120877,Mumbai-Guwahati Shatabdi Express,532,1.85,53,3.24,True
120878,Chennai-Ahmedabad Superfast Express,1272,0.99,127,1.73,True
120879,Bangalore-Lucknow Garib Rath,1019,1.1,101,2.07,True
220880,Mumbai-Chandigarh Vande Bharat Express,615,2.39,61,4.46,True
10881,Agra-Kanpur Express,1378,0.93,137,1.71,True
10882,Bangalore-New Delhi Express,1457,0.97,145,1.95,True
120883,Mumbai-Mumbai Superfast Express,1285,0.96,128,1.61,True
120884,Mumbai-Bangalore Superfast Express,1158,0.83,115,1.46,True
220885,Mumbai-Delhi Vande Bharat Express,463,2.54,46,4.29,True
220886,Mumbai-Kanpur Vande Bharat Express,469,2.35,46,4.13,True
10887,Mumbai-New Delhi Mail,1325,0.76,132,1.17,True
220888,Kolkata-Agra Duronto Express,911,1.83,91,2.89,True
120889,Kolkata-Chennai Garib Rath,1058,1.12,105,1.87,True
220890,Mumbai-Mumbai Tejas Express,629,2.22,62,3.75,True
50891,Chennai-Mumbai Passenger,1567,0.44,78,0.83,True
120892,Agra-Chennai Rajdhani Express,829,1.93,82,2.89,True
10893,Chennai-Kolkata Express,1477,0.85,147,1.47,True
10894,New Delhi-Lucknow Mail,1347,1.01,134,1.96,True
220895,Bangalore-Jaipur Duronto Express,1042,1.75,104,2.99,True
50896,Chennai-Kolkata Passenger,1590,0.64,79,1.15,True
220897,Mumbai-Kolkata Vande Bharat Express,461,2.51,46,4.89,True
120898,Kolkata-Kanpur Rajdhani Express,861,1.62,86,2.56,True
50899,Bangalore-Mumbai Passenger,1644,0.51,82,0.96,True
220900,Mumbai-Delhi Vande Bharat Express,504,2.56,50,3.99,True
10901,Bangalore-Kolkata Express,1497,0.89,149,1.44,True
120902,Agra-Bhopal Rajdhani Express,894,2.0,89,3.3,True
220903,Bangalore-Ahmedabad Vande Bharat Express,583,2.31,58,4.62,True
220904,New Delhi-Mumbai Vande Bharat Express,604,2.5,60,4.4,True
120905,Mumbai-Kolkata Shatabdi Express,692,1.84,69,3.13,True
220906,Bangalore-Mumbai Humsafar Express,857,1.49,85,2.55,True
120907,Bangalore-New Delhi Garib Rath,1177,1.31,117,2.09,True
220908,Kolkata-Kanpur Tejas Express,520,2.16,52,3.46,True
10909,Bangalore-Kolkata Mail,1296,0.7,129,1.22,True
10910,Bangalore-Jaipur Express,1448,0.97,144,1.91,True
120911,Kolkata-Bangalore Rajdhani Express,871,1.78,87,2.92,True
10912,Delhi-New Delhi Mail,1381,1.0,138,1.92,True
220913,New Delhi-Chandigarh Tejas Express,555,2.15,55,3.78,True
120914,Mumbai-Kolkata Garib Rath,1198,1.27,119,1.96,True
220915,Agra-Chandigarh Duronto Express,924,1.68,92,2.82,True
50916,Bangalore-Jaipur Passenger,1666,0.55,83,0.9,True
220917,Bangalore-Mumbai Vande Bharat Express,601,2.59,60,4.01,True
220918,Mumbai-Guwahati Vande Bharat Express,482,2.41,48,3.69,True
220919,Chennai-New Delhi Duronto Express,991,1.53,99,2.3,True
120920,Kolkata-Bangalore Rajdhani Express,916,1.94,91,3.17,True
120921,New Delhi-Mumbai Rajdhani Express,892,1.83,89,3.09,True
120922,Bangalore-Mumbai Jan Shatabdi,678,1.5,67,2.94,True
120923,Mumbai-Kolkata Shatabdi Express,617,1.94,61,3.05,True
120924,Kolkata-Jaipur Rajdhani Express,960,1.98,96,3.68,True
120925,Delhi-New Delhi Garib Rath,1139,1.34,113,2.2,True
220926,Bangalore-Chennai Tejas Express,506,2.19,50,3.86,True
10927,Bangalore-New Delhi Mail,1426,0.88,142,1.45,True
220928,Kolkata-Mumbai Humsafar Express,835,1.48,83,2.53,True
220929,Mumbai-Bhopal Humsafar Express,876,1.31,87,2.31,True
120930,New Delhi-Mumbai Jan Shatabdi,642,1.35,64,2.68,True
220931,Mumbai-Chennai Vande Bharat Express,527,2.33,52,3.78,True
120932,Kolkata-Mumbai Jan Shatabdi,663,1.54,66,2.45,True
10933,Mumbai-Kanpur Mail,1307,0.95,130,1.66,True
120934,Mumbai-Guwahati Shatabdi Express,567,1.98,56,3.22,True
220935,New Delhi-New Delhi Duronto Express,870,1.51,87,2.95,True
120936,Bangalore-Chennai Jan Shatabdi,627,1.47,62,2.65,True
220937,Agra-Mumbai Tejas Express,489,2.44,48,4.77,True
10938,Chennai-Chennai Express,1453,0.78,145,1.34,True
120939,Kolkata-New Delhi Rajdhani Express,871,1.62,87,3.2,True
120940,Delhi-Bhopal Jan Shatabdi,578,1.43,57,2.51,True
220941,New Delhi-Hyderabad Tejas Express,610,2.32,61,4.6,True
220942,Delhi-Chandigarh Tejas Express,545,2.31,54,3.74,True
220943,New Delhi-Ambala Tejas Express,486,2.21,48,3.35,True
120944,New Delhi-Bangalore Jan Shatabdi,697,1.21,69,2.36,True
220945,New Delhi-Guwahati Vande Bharat Express,476,2.6,47,4.01,True
120946,New Delhi-Amritsar Jan Shatabdi,736,1.28,73,2.14,True
220947,Bangalore-Bhopal Tejas Express,528,2.39,52,4.75,True
120948,Kolkata-Ambala Garib Rath,1116,1.21,111,2.32,True
220949,Mumbai-New Delhi Tejas Express,586,2.31,58,3.9,True
220950,New Delhi-Kolkata Vande Bharat Express,452,2.63,45,5.13,True
120951,New Delhi-Amritsar Shatabdi Express,641,2.05,64,3.23,True
220952,Kolkata-New Delhi Tejas Express,622,2.24,62,4.29,True
120953,New Delhi-New Delhi Garib Rath,1078,1.14,107,1.89,True
220954,Chennai-Chandigarh Humsafar Express,755,1.67,75,3.03,True
120955,New Delhi-Mumbai Superfast Express,1190,1.2,119,1.85,True
220956,Mumbai-Lucknow Humsafar Express,807,1.31,80,2.56,True
120957,Kolkata-Jaipur Rajdhani Express,866,1.82,86,3.08,True
220958,Kolkata-Agra Tejas Express,487,2.43,48,4.67,True
220959,Chennai-Ambala Duronto Express,978,1.68,97,3.01,True
120960,Kolkata-New Delhi Jan Shatabdi,667,1.33,66,2.0,True
50961,Kolkata-Mumbai Passenger,1544,0.44,77,0.81,True
120962,Kolkata-Mumbai Rajdhani Express,979,1.92,97,3.79,True
10963,Agra-Kanpur Express,1419,0.92,141,1.63,True
120964,Chennai-Ambala Rajdhani Express,803,1.98,80,3.62,True
120965,Kolkata-Mumbai Rajdhani Express,902,1.87,90,3.12,True
220966,Mumbai-Amritsar Duronto Express,945,1.76,94,3.52,True
220967,Mumbai-Guwahati Humsafar Express,871,1.36,87,2.55,True
120968,Kolkata-Mumbai Shatabdi Express,552,1.83,55,3.36,True
220969,Mumbai-Kolkata Vande Bharat Express,531,2.46,53,4.62,True
220970,Kolkata-Amritsar Tejas Express,582,2.31,58,4.39,True
120971,Mumbai-Mumbai Jan Shatabdi,599,1.38,59,2.43,True
220972,Mumbai-New Delhi Duronto Express,858,1.89,85,3.36,True
120973,New Delhi-Mumbai Superfast Express,1116,1.1,111,2.05,True
120974,Delhi-Kanpur Garib Rath,1180,1.15,118,2.03,True
220975,New Delhi-Ahmedabad Tejas Express,588,2.5,58,4.08,True
220976,New Delhi-Bangalore Vande Bharat Express,467,2.57,46,3.87,True
120977,Chennai-Kolkata Rajdhani Express,962,1.7,96,3.37,True
220978,Kolkata-Guwahati Duronto Express,897,1.54,89,3.02,True
220979,Mumbai-Bangalore Humsafar Express,839,1.38,83,2.08,True
220980,New Delhi-Delhi Tejas Express,544,2.41,54,4.42,True
50981,Delhi-Agra Passenger,1672,0.75,83,1.15,True
220982,Mumbai-Mumbai Tejas Express,508,2.42,50,3.81,True
220983,Bangalore-Mumbai Vande Bharat Express,438,2.3,43,4.31,True
120984,Agra-Bangalore Jan Shatabdi,590,1.33,59,2.65,True
120985,Bangalore-Kolkata Shatabdi Express,558,2.16,55,3.66,True
50986,Agra-New Delhi Passenger,1631,0.43,81,0.7,True
220987,Bangalore-Mumbai Humsafar Express,910,1.52,91,2.91,True
220988,Mumbai-New Delhi Vande Bharat Express,567,2.57,56,4.77,True
120989,Mumbai-Chennai Rajdhani Express,899,1.97,89,3.8,True
220990,Agra-Jaipur Vande Bharat Express,459,2.61,45,4.55,True
120991,Kolkata-New Delhi Superfast Express,1226,1.07,122,2.0,True
120992,Chennai-Kanpur Superfast Express,1191,1.11,119,2.01,True
220993,New Delhi-Kanpur Duronto Express,879,1.87,87,3.32,True
120994,Mumbai-Bangalore Superfast Express,1266,0.83,126,1.49,True
120995,New Delhi-Jaipur Rajdhani Express,893,1.89,89,2.88,True
50996,Bangalore-Bangalore Passenger,1568,0.7,78,1.2,True
220997,Bangalore-Mumbai Duronto Express,873,1.85,87,3.61,True
220998,Bangalore-Mumbai Tejas Express,597,2.2,59,4.1,True
220999,New Delhi-Bangalore Duronto Express,942,1.68,94,2.96,True
121000,New Delhi-Hyderabad Garib Rath,1014,1.38,101,2.53,True
121001,Kolkata-Guwahati Shatabdi Express,541,1.97,54,3.26,True
121002,Mumbai-Bangalore Jan Shatabdi,565,1.21,56,2.09,True
11003,Bangalore-Mumbai Express,1309,0.68,130,1.08,True
121004,Mumbai-Lucknow Shatabdi Express,620,2.07,62,3.93,True
121005,Bangalore-New Delhi Rajdhani Express,926,1.84,92,3.5,True
221006,Mumbai-New Delhi Duronto Express,1020,1.56,102,2.68,True
11007,New Delhi-Chandigarh Express,1377,0.74,137,1.23,True
221008,Bangalore-Mumbai Vande Bharat Express,435,2.5,43,4.16,True
121009,Bangalore-Lucknow Shatabdi Express,676,1.98,67,3.08,True
221010,New Delhi-Hyderabad Vande Bharat Express,566,2.57,56,4.77,True
121011,Chennai-Bangalore Superfast Express,1208,0.86,120,1.51,True
11012,Bangalore-Bangalore Mail,1260,0.78,126,1.52,True
221013,New Delhi-Ahmedabad Humsafar Express,917,1.66,91,2.83,True
221014,New Delhi-New Delhi Duronto Express,914,1.76,91,2.79,True
121015,Kolkata-Kanpur Jan Shatabdi,616,1.24,61,1.97,True
221016,Bangalore-Agra Duronto Express,996,1.84,99,3.1,True
121017,Mumbai-Bangalore Jan Shatabdi,726,1.46,72,2.55,True
121018,Bangalore-Guwahati Rajdhani Express,968,1.9,96,3.65,True
121019,Mumbai-New Delhi Jan Shatabdi,583,1.39,58,2.35,True
121020,Bangalore-Kolkata Garib Rath,1121,1.22,112,2.41,True
121021,Kolkata-Mumbai Superfast Express,1250,0.82,125,1.31,True
221022,New Delhi-Mumbai Vande Bharat Express,525,2.34,52,4.1,True
121023,Mumbai-Chandigarh Jan Shatabdi,738,1.4,73,2.36,True
221024,Bangalore-Chennai Tejas Express,658,2.31,65,3.75,True
121025,New Delhi-Bangalore Jan Shatabdi,624,1.26,62,2.09,True
121026,Bangalore-Agra Jan Shatabdi,696,1.43,69,2.78,True
121027,New Delhi-Mumbai Jan Shatabdi,687,1.46,68,2.91,True
121028,New Delhi-Bangalore Jan Shatabdi,736,1.54,73,2.46,True
221029,New Delhi-Bangalore Duronto Express,989,1.57,98,2.89,True
221030,Mumbai-Chennai Duronto Express,998,1.5,99,2.56,True
221031,Mumbai-Bangalore Tejas Express,663,2.29,66,3.49,True
121032,New Delhi-Jaipur Superfast Express,1235,1.17,123,2.25,True
121033,New Delhi-Kolkata Superfast Express,1239,1.16,123,2.32,True
11034,Delhi-New Delhi Express,1434,0.68,143,1.1,True
221035,Kolkata-Mumbai Vande Bharat Express,461,2.34,46,4.01,True
221036,Mumbai-Bhopal Vande Bharat Express,567,2.44,56,3.83,True
221037,Bangalore-New Delhi Humsafar Express,751,1.6,75,2.86,True
121038,Agra-Bangalore Garib Rath,1106,1.29,110,2.46,True
221039,Mumbai-Kolkata Tejas Express,625,2.29,62,4.38,True
121040,New Delhi-Bangalore Garib Rath,1049,1.38,104,2.6,True
11041,Agra-Bhopal Mail,1369,0.8,136,1.45,True
221042,Bangalore-Kolkata Tejas Express,514,2.37,51,3.76,True
11043,Mumbai-Kolkata Mail,1268,0.97,126,1.9,True
121044,Bangalore-Kolkata Shatabdi Express,553,1.98,55,3.54,True
51045,Bangalore-New Delhi Passenger,1638,0.46,81,0.86,True
121046,Mumbai-Chennai Superfast Express,1102,1.15,110,1.97,True
121047,New Delhi-New Delhi Jan Shatabdi,715,1.26,71,2.51,True
221048,Mumbai-Mumbai Humsafar Express,903,1.34,90,2.61,True
121049,Chennai-Mumbai Shatabdi Express,643,2.05,64,3.91,True
121050,Bangalore-Kolkata Shatabdi Express,560,2.18,56,4.27,True
221051,Kolkata-Chandigarh Duronto Express,876,1.52,87,2.89,True
221052,Bangalore-New Delhi Duronto Express,1011,1.54,101,2.76,True
121053,New Delhi-Bangalore Superfast Express,1157,0.85,115,1.5,True
121054,Kolkata-New Delhi Garib Rath,1191,1.3,119,2.58,True
121055,Kolkata-New Delhi Garib Rath,1174,1.12,117,1.94,True
51056,New Delhi-Lucknow Passenger,1526,0.78,76,1.54,True
221057,Mumbai-Bangalore Tejas Express,599,2.28,59,4.09,True
221058,New Delhi-Amritsar Duronto Express,862,1.57,86,2.42,True
121059,Kolkata-New Delhi Jan Shatabdi,640,1.45,64,2.33,True
221060,Mumbai-Bhopal Duronto Express,859,1.87,85,3.49,True
221061,Kolkata-Kolkata Vande Bharat Express,617,2.38,61,3.62,True
51062,Mumbai-Ahmedabad Passenger,1573,0.73,78,1.22,True
121063,Kolkata-Mumbai Rajdhani Express,865,1.88,86,3.73,True
121064,New Delhi-Amritsar Garib Rath,1179,1.17,117,1.86,True
121065,Kolkata-Agra Shatabdi Express,653,1.89,65,3.7,True
221066,New Delhi-Kolkata Vande Bharat Express,550,2.56,55,4.77,True
221067,Mumbai-Ahmedabad Duronto Express,980,1.82,98,3.49,True
121068,New Delhi-Ambala Rajdhani Express,972,1.74,97,2.93,True
121069,Delhi-Bangalore Superfast Express,1109,1.14,110,2.24,True
221070,Kolkata-Bangalore Tejas Express,598,2.3,59,3.51,True
121071,Delhi-Bangalore Shatabdi Express,583,1.98,58,3.49,True
11072,Agra-Kolkata Express,1434,0.84,143,1.66,True
221073,Kolkata-Ahmedabad Tejas Express,645,2.15,64,3.89,True
121074,Bangalore-Jaipur Shatabdi Express,566,1.97,56,3.84,True
221075,Kolkata-Chennai Duronto Express,938,1.78,93,3.38,True
51076,Bangalore-Agra Passenger,1668,0.51,83,0.89,True
121077,New Delhi-Bangalore Garib Rath,1162,1.05,116,1.67,True
221078,Delhi-Chennai Duronto Express,956,1.51,95,2.44,True
221079,Kolkata-Bangalore Humsafar Express,891,1.41,89,2.79,True
121080,Delhi-Jaipur Rajdhani Express,800,1.69,80,2.74,True
221081,New Delhi-Chennai Duronto Express,953,1.67,95,2.82,True
221082,New Delhi-New Delhi Humsafar Express,791,1.68,79,2.95,True
11083,Mumbai-Kanpur Express,1484,0.69,148,1.1,True
221084,Kolkata-Lucknow Humsafar Express,782,1.62,78,3.14,True
121085,Bangalore-Kanpur Jan Shatabdi,707,1.44,70,2.17,True
11086,New Delhi-New Delhi Express,1390,0.94,139,1.52,True
121087,Mumbai-Ahmedabad Rajdhani Express,913,1.6,91,2.53,True
121088,Agra-Bangalore Jan Shatabdi,650,1.22,65,2.35,True
11089,Mumbai-Chandigarh Express,1354,0.86,135,1.7,True
221090,Chennai-Ambala Tejas Express,679,2.5,67,4.41,True
221091,Kolkata-Delhi Vande Bharat Express,589,2.32,58,4.57,True
221092,New Delhi-New Delhi Duronto Express,925,1.89,92,3.57,True
51093,Mumbai-New Delhi Passenger,1557,0.43,77,0.8,True
11094,New Delhi-Bangalore Mail,1296,0.83,129,1.36,True
221095,Chennai-Lucknow Duronto Express,1039,1.77,103,3.27,True
121096,Mumbai-Ambala Garib Rath,1113,1.32,111,2.48,True
221097,Bangalore-Mumbai Vande Bharat Express,515,2.63,51,4.08,True
121098,Chennai-Mumbai Rajdhani Express,888,1.86,88,3.51,True
11099,Agra-Chandigarh Express,1404,0.67,140,1.12,True
11100,Delhi-Bhopal Express,1379,0.96,137,1.87,True
221101,Agra-Bangalore Duronto Express,988,1.58,98,2.69,True
121102,New Delhi-Lucknow Rajdhani Express,975,1.84,97,3.26,True
121103,New Delhi-Mumbai Garib Rath,1090,1.26,109,2.48,True
121104,Kolkata-Jaipur Superfast Express,1132,0.96,113,1.5,True
121105,Bangalore-Mumbai Superfast Express,1132,1.08,113,1.9,True
221106,Kolkata-Delhi Tejas Express,480,2.14,48,3.63,True
121107,Mumbai-New Delhi Garib Rath,1107,1.35,110,2.24,True
11108,Chennai-New Delhi Express,1484,0.89,148,1.76,True
121109,Kolkata-Ambala Superfast Express,1292,1.05,129,2.0,True
121110,Bangalore-Delhi Garib Rath,1001,1.05,100,1.64,True
221111,New Delhi-Bangalore Humsafar Express,916,1.35,91,2.69,True
121112,Kolkata-New Delhi Garib Rath,1036,1.23,103,2.38,True
51113,Mumbai-Kolkata Passenger,1624,0.53,81,0.88,True
121114,New Delhi-Mumbai Rajdhani Express,974,1.72,97,3.38,True
121115,Chennai-Kolkata Shatabdi Express,617,1.82,61,3.46,True
11116,Kolkata-Agra Mail,1305,0.68,130,1.28,True
121117,Chennai-Mumbai Jan Shatabdi,628,1.39,62,2.65,True
221118,New Delhi-Kolkata Duronto Express,973,1.57,97,2.85,True
221119,New Delhi-Chennai Tejas Express,636,2.15,63,3.8,True
51120,New Delhi-Jaipur Passenger,1627,0.6,81,1.12,True
121121,New Delhi-Mumbai Rajdhani Express,877,1.68,87,2.79,True
221122,Bangalore-Mumbai Tejas Express,532,2.23,53,4.43,True
121123,Mumbai-Bhopal Shatabdi Express,653,2.05,65,4.01,True
121124,Agra-Jaipur Garib Rath,1052,1.01,105,1.55,True
11125,Mumbai-Bhopal Express,1325,1.0,132,1.76,True
221126,Delhi-New Delhi Vande Bharat Express,617,2.42,61,3.68,True
121127,Mumbai-Guwahati Shatabdi Express,599,1.98,59,3.42,True
121128,Delhi-Ahmedabad Superfast Express,1133,1.03,113,2.06,True
121129,Kolkata-Amritsar Garib Rath,1023,1.1,102,2.02,True
121130,Chennai-Kanpur Superfast Express,1288,0.82,128,1.39,True
121131,New Delhi-Mumbai Superfast Express,1225,1.02,122,1.84,True
221132,Kolkata-Chennai Humsafar Express,891,1.55,89,2.79,True
121133,Bangalore-Delhi Garib Rath,1056,1.38,105,2.43,True
51134,New Delhi-Kolkata Passenger,1698,0.67,84,1.28,True
121135,Bangalore-Jaipur Rajdhani Express,907,1.78,90,3.21,True
11136,Mumbai-Jaipur Express,1384,0.81,138,1.36,True
121137,New Delhi-Bhopal Garib Rath,1144,1.13,114,1.95,True
221138,New Delhi-Ahmedabad Vande Bharat Express,619,2.65,61,4.64,True
121139,Mumbai-Bangalore Rajdhani Express,861,1.98,86,3.29,True
221140,Bangalore-Hyderabad Humsafar Express,769,1.62,76,3.24,True
121141,Chennai-Bhopal Shatabdi Express,538,2.03,53,3.4,True
121142,New Delhi-Amritsar Superfast Express,1193,1.02,119,1.71,True
121143,Mumbai-Mumbai Superfast Express,1117,0.89,111,1.41,True
121144,New Delhi-Kolkata Jan Shatabdi,702,1.59,70,2.72,True
121145,New Delhi-Bangalore Shatabdi Express,642,2.16,64,3.68,True
221146,Bangalore-Agra Humsafar Express,833,1.57,83,2.68,True
11147,Mumbai-Mumbai Express,1498,0.81,149,1.49,True
221148,Kolkata-Bangalore Vande Bharat Express,434,2.35,43,4.0,True
121149,Kolkata-Ambala Garib Rath,1070,1.19,107,2.1,True
221150,Mumbai-Kolkata Humsafar Express,836,1.36,83,2.15,True
221151,Mumbai-Mumbai Vande Bharat Express,580,2.64,58,4.65,True
121152,Kolkata-Bangalore Garib Rath,1117,1.26,111,2.08,True
11153,New Delhi-New Delhi Express,1500,0.89,150,1.77,True
121154,Agra-Bangalore Jan Shatabdi,722,1.45,72,2.24,True
121155,Agra-Mumbai Rajdhani Express,939,1.97,93,3.75,True
221156,New Delhi-Bhopal Humsafar Express,879,1.32,87,2.56,True
121157,Kolkata-Bangalore Jan Shatabdi,681,1.24,68,2.3,True
221158,Kolkata-Chennai Vande Bharat Express,507,2.53,50,3.85,True
121159,Mumbai-Chennai Shatabdi Express,585,1.84,58,3.13,True
121160,Kolkata-Bangalore Garib Rath,1148,1.17,114,1.93,True
221161,Mumbai-Lucknow Duronto Express,992,1.69,99,3.0,True
221162,Mumbai-Mumbai Tejas Express,605,2.2,60,3.81,True
121163,Kolkata-Guwahati Rajdhani Express,906,1.88,90,2.9,True
221164,Agra-Mumbai Humsafar Express,805,1.46,80,2.85,True
121165,New Delhi-Chandigarh Rajdhani Express,955,1.63,95,2.84,True
121166,Chennai-Amritsar Shatabdi Express,559,2.05,55,3.25,True
221167,Chennai-Kanpur Vande Bharat Express,620,2.52,62,4.44,True
221168,Chennai-Lucknow Humsafar Express,757,1.34,75,2.14,True
11169,Kolkata-Hyderabad Mail,1357,0.7,135,1.2,True
121170,Chennai-Mumbai Superfast Express,1174,0.81,117,1.42,True
11171,Kolkata-Amritsar Express,1487,0.95,148,1.77,True
221172,Bangalore-Delhi Vande Bharat Express,551,2.37,55,4.28,True
121173,Mumbai-Chandigarh Rajdhani Express,827,1.61,82,3.02,True
221174,New Delhi-Kolkata Humsafar Express,772,1.32,77,2.04,True
221175,Kolkata-Kanpur Vande Bharat Express,528,2.52,52,4.04,True
221176,Bangalore-Mumbai Tejas Express,661,2.14,66,4.19,True
121177,Agra-Bhopal Rajdhani Express,834,1.86,83,3.23,True
121178,Mumbai-Delhi Jan Shatabdi,575,1.35,57,2.62,True
11179,New Delhi-New Delhi Mail,1328,0.76,132,1.47,True
121180,Chennai-Chandigarh Superfast Express,1250,0.85,125,1.49,True
221181,Bangalore-New Delhi Vande Bharat Express,553,2.4,55,3.71,True
51182,New Delhi-Jaipur Passenger,1617,0.74,80,1.37,True
221183,Mumbai-Mumbai Vande Bharat Express,590,2.35,59,4.47,True
121184,Agra-Kanpur Jan Shatabdi,575,1.59,57,2.68,True
11185,Bangalore-New Delhi Express,1314,0.62,131,1.22,True
121186,New Delhi-New Delhi Jan Shatabdi,642,1.29,64,1.99,True
121187,Chennai-Amritsar Superfast Express,1212,0.87,121,1.3,True
221188,Mumbai-Chennai Humsafar Express,823,1.67,82,3.04,True
121189,Bangalore-Mumbai Superfast Express,1277,0.94,127,1.42,True
11190,Mumbai-Delhi Express,1419,0.99,141,1.8,True
121191,New Delhi-New Delhi Garib Rath,1011,1.22,101,2.13,True
121192,Kolkata-Mumbai Rajdhani Express,945,1.66,94,2.51,True
121193,Mumbai-Lucknow Jan Shatabdi,609,1.47,60,2.86,True
121194,Mumbai-New Delhi Superfast Express,1237,0.91,123,1.37,True
11195,Mumbai-Bangalore Mail,1405,0.99,140,1.87,True
11196,Bangalore-Bhopal Mail,1284,0.75,128,1.27,True
121197,New Delhi-New Delhi Jan Shatabdi,709,1.4,70,2.48,True
221198,Mumbai-Kolkata Humsafar Express,813,1.55,81,2.33,True
221199,Kolkata-Bangalore Tejas Express,533,2.38,53,3.64,True
121200,Bangalore-Bangalore Garib Rath,1152,1.19,115,2.09,True
11201,Bangalore-Guwahati Mail,1381,0.79,138,1.3,True
121202,Mumbai-Kolkata Jan Shatabdi,677,1.41,67,2.14,True
121203,Mumbai-Jaipur Jan Shatabdi,716,1.56,71,2.79,True
221204,Delhi-New Delhi Duronto Express,863,1.61,86,2.44,True
221205,Chennai-Kolkata Duronto Express,914,1.61,91,2.48,True
11206,Bangalore-Chennai Express,1395,0.76,139,1.39,True
121207,Kolkata-Bangalore Rajdhani Express,881,1.88,88,2.89,True
121208,New Delhi-Hyderabad Superfast Express,1170,0.91,117,1.55,True
221209,Mumbai-Jaipur Vande Bharat Express,487,2.32,48,4.13,True
121210,Mumbai-Bangalore Shatabdi Express,628,1.87,62,3.48,True
121211,Mumbai-Bangalore Garib Rath,1023,1.05,102,1.78,True
51212,Mumbai-Chandigarh Passenger,1659,0.5,82,0.91,True
11213,Agra-Amritsar Mail,1380,0.84,138,1.54,True
121214,Kolkata-Agra Garib Rath,1166,1.27,116,2.03,True
121215,Delhi-Chandigarh Superfast Express,1280,0.84,128,1.66,True
121216,Agra-New Delhi Jan Shatabdi,679,1.57,67,2.92,True
51217,Delhi-Kanpur Passenger,1590,0.72,79,1.2,True
121218,Kolkata-New Delhi Rajdhani Express,836,1.88,83,3.6,True
51219,Mumbai-Mumbai Passenger,1573,0.55,78,0.86,True
221220,New Delhi-Amritsar Humsafar Express,786,1.41,78,2.61,True
221221,Delhi-New Delhi Vande Bharat Express,606,2.53,60,3.88,True
121222,Mumbai-Agra Shatabdi Express,521,1.8,52,3.52,True
11223,Kolkata-New Delhi Mail,1367,0.76,136,1.3,True
11224,Mumbai-Chennai Express,1384,0.77,138,1.39,True
121225,Mumbai-New Delhi Jan Shatabdi,595,1.57,59,3.07,True
221226,Bangalore-Hyderabad Humsafar Express,751,1.51,75,2.79,True
121227,Kolkata-Ahmedabad Superfast Express,1175,1.1,117,1.8,True
221228,Mumbai-Agra Vande Bharat Express,517,2.45,51,4.11,True
51229,New Delhi-Chandigarh Passenger,1585,0.63,79,0.99,True
11230,Mumbai-Guwahati Express,1377,0.81,137,1.32,True
121231,New Delhi-New Delhi Jan Shatabdi,584,1.3,58,2.59,True
221232,New Delhi-Chennai Humsafar Express,774,1.3,77,2.41,True
51233,New Delhi-Hyderabad Passenger,1608,0.5,80,0.89,True
51234,Kolkata-Ahmedabad Passenger,1537,0.71,76,1.34,True
221235,New Delhi-Bhopal Duronto Express,1044,1.58,104,2.9,True
221236,Agra-Bangalore Vande Bharat Express,560,2.43,56,4.58,True
11237,Mumbai-Kolkata Mail,1317,0.81,131,1.28,True
11238,Delhi-Kolkata Express,1385,0.95,138,1.86,True
221239,Chennai-Mumbai Vande Bharat Express,607,2.46,60,4.41,True
121240,Chennai-Delhi Rajdhani Express,895,1.87,89,2.91,True
11241,Kolkata-Mumbai Express,1350,0.85,135,1.43,True
121242,New Delhi-Agra Superfast Express,1110,0.96,111,1.63,True
221243,Kolkata-New Delhi Humsafar Express,888,1.34,88,2.34,True
11244,Bangalore-Bangalore Mail,1419,0.84,141,1.5,True
221245,Delhi-Bangalore Humsafar Express,810,1.42,81,2.43,True
121246,Mumbai-Kolkata Jan Shatabdi,706,1.41,70,2.8,True
121247,Mumbai-Kolkata Superfast Express,1245,1.11,124,1.77,True
51248,Kolkata-Mumbai Passenger,1547,0.51,77,0.87,True
221249,Mumbai-Bangalore Humsafar Express,755,1.63,75,3.04,True
121250,Mumbai-Kolkata Jan Shatabdi,651,1.37,65,2.08,True
121251,Mumbai-Bangalore Rajdhani Express,828,1.68,82,2.91,True
221252,Bangalore-Kolkata Duronto Express,1003,1.6,100,2.72,True
221253,Mumbai-Mumbai Duronto Express,956,1.53,95,2.76,True
51254,New Delhi-Ambala Passenger,1632,0.46,81,0.89,True
221255,Chennai-Mumbai Vande Bharat Express,521,2.67,52,4.87,True
221256,Bangalore-Guwahati Vande Bharat Express,470,2.66,47,4.93,True
121257,Kolkata-Mumbai Shatabdi Express,672,1.87,67,3.4,True
121258,New Delhi-Guwahati Jan Shatabdi,634,1.22,63,2.19,True
121259,Bangalore-Chennai Garib Rath,1049,1.12,104,1.79,True
121260,New Delhi-Chennai Superfast Express,1105,0.89,110,1.75,True
221261,New Delhi-New Delhi Duronto Express,953,1.82,95,3.13,True
121262,New Delhi-Mumbai Jan Shatabdi,553,1.53,55,2.94,True
221263,New Delhi-Guwahati Tejas Express,507,2.36,50,4.37,True
221264,Delhi-Chennai Duronto Express,1008,1.8,100,3.46,True
221265,Bangalore-Mumbai Vande Bharat Express,455,2.57,45,4.54,True
121266,Mumbai-Chennai Superfast Express,1298,0.97,129,1.56,True
221267,Kolkata-Chennai Tejas Express,546,2.27,54,3.54,True
51268,New Delhi-Hyderabad Passenger,1633,0.59,81,0.93,True
51269,New Delhi-Chennai Passenger,1512,0.73,75,1.14,True
221270,Delhi-Guwahati Duronto Express,936,1.89,93,3.75,True
221271,New Delhi-Jaipur Humsafar Express,762,1.48,76,2.32,True
11272,Mumbai-Kolkata Express,1475,0.63,147,0.96,True
221273,Mumbai-Agra Vande Bharat Express,596,2.62,59,4.57,True
11274,Mumbai-Mumbai Express,1345,0.95,134,1.52,True
121275,Bangalore-Kolkata Rajdhani Express,897,1.9,89,3.42,True
221276,Mumbai-Bangalore Duronto Express,854,1.77,85,3.37,True
11277,New Delhi-Agra Express,1415,0.98,141,1.86,True
121278,Chennai-New Delhi Shatabdi Express,572,2.14,57,3.77,True
11279,New Delhi-Mumbai Express,1439,0.87,143,1.6,True
11280,Bangalore-Bhopal Express,1442,0.63,144,1.17,True
11281,Chennai-Hyderabad Mail,1348,0.77,134,1.5,True
51282,Bangalore-New Delhi Passenger,1552,0.45,77,0.72,True
121283,Bangalore-Chandigarh Garib Rath,1102,1.26,110,1.91,True
11284,Mumbai-Chennai Mail,1302,0.88,130,1.49,True
221285,Kolkata-Lucknow Vande Bharat Express,440,2.57,44,4.81,True
221286,Delhi-Lucknow Tejas Express,679,2.29,67,3.48,True
221287,New Delhi-Mumbai Vande Bharat Express,516,2.48,51,3.72,True
221288,Kolkata-Guwahati Humsafar Express,898,1.35,89,2.55,True
121289,Delhi-New Delhi Jan Shatabdi,585,1.43,58,2.63,True
121290,Chennai-Bangalore Jan Shatabdi,591,1.38,59,2.08,True
121291,Kolkata-Hyderabad Jan Shatabdi,598,1.53,59,2.74,True
121292,Mumbai-Bangalore Rajdhani Express,883,1.88,88,3.69,True
11293,Agra-New Delhi Mail,1253,0.86,125,1.5,True
121294,Mumbai-Kanpur Jan Shatabdi,749,1.3,74,2.4,True
221295,Kolkata-Bangalore Humsafar Express,920,1.44,92,2.35,True
121296,Mumbai-Ambala Garib Rath,1195,1.24,119,1.96,True
121297,Chennai-New Delhi Jan Shatabdi,573,1.3,57,2.03,True
121298,New Delhi-New Delhi Shatabdi Express,690,1.98,69,3.39,True
121299,New Delhi-Mumbai Jan Shatabdi,614,1.39,61,2.68,True
11300,Agra-New Delhi Mail,1402,0.93,140,1.49,True
121301,Mumbai-Chandigarh Jan Shatabdi,633,1.43,63,2.38,True
11302,New Delhi-Guwahati Express,1374,0.75,137,1.4,True
121303,Bangalore-New Delhi Jan Shatabdi,594,1.41,59,2.55,True
121304,New Delhi-Mumbai Shatabdi Express,635,1.93,63,3.59,True
11305,Agra-Mumbai Express,1326,0.84,132,1.47,True
121306,Bangalore-Kanpur Jan Shatabdi,683,1.56,68,2.59,True
11307,Bangalore-Chennai Mail,1335,0.96,133,1.7,True
121308,New Delhi-Mumbai Rajdhani Express,959,1.9,95,3.31,True
221309,New Delhi-Ahmedabad Duronto Express,884,1.61,88,3.08,True
221310,Agra-Mumbai Vande Bharat Express,577,2.56,57,3.92,True
121311,Bangalore-Ambala Rajdhani Express,850,1.63,85,2.67,True
121312,Kolkata-Amritsar Garib Rath,1180,1.27,118,1.95,True
121313,Mumbai-Mumbai Superfast Express,1217,0.82,121,1.56,True
121314,Agra-Bangalore Jan Shatabdi,608,1.23,60,1.88,True
221315,Kolkata-New Delhi Vande Bharat Express,445,2.48,44,4.05,True
221316,Agra-Bhopal Humsafar Express,857,1.62,85,2.97,True
221317,Bangalore-Bangalore Duronto Express,986,1.73,98,2.77,True
11318,Bangalore-Ambala Express,1467,0.96,146,1.87,True
51319,Mumbai-Chandigarh Passenger,1667,0.68,83,1.02,True
121320,New Delhi-Bangalore Rajdhani Express,819,1.91,81,2.96,True
121321,Mumbai-Chennai Jan Shatabdi,742,1.31,74,2.45,True
221322,New Delhi-New Delhi Vande Bharat Express,547,2.68,54,4.58,True
51323,Chennai-Hyderabad Passenger,1534,0.79,76,1.21,True
221324,Bangalore-Mumbai Duronto Express,964,1.57,96,2.39,True
51325,Mumbai-New Delhi Passenger,1523,0.6,76,1.15,True
121326,Agra-Bhopal Superfast Express,1293,1.0,129,1.8,True
51327,Mumbai-Mumbai Passenger,1507,0.69,75,1.25,True
221328,Chennai-Hyderabad Duronto Express,1010,1.58,101,2.93,True
11329,Mumbai-Kanpur Mail,1364,0.95,136,1.47,True
121330,Mumbai-Lucknow Shatabdi Express,679,1.83,67,3.4,True
221331,Delhi-Chandigarh Tejas Express,537,2.29,53,4.04,True
221332,New Delhi-Kolkata Vande Bharat Express,519,2.32,51,3.86,True
121333,Kolkata-Ambala Rajdhani Express,924,1.9,92,3.77,True
121334,Bangalore-Bangalore Rajdhani Express,864,1.85,86,3.64,True
221335,Chennai-Hyderabad Tejas Express,554,2.2,55,3.69,True
221336,Kolkata-Ambala Humsafar Express,799,1.59,79,2.94,True
221337,Kolkata-Jaipur Duronto Express,1050,1.82,105,2.84,True
221338,New Delhi-Jaipur Humsafar Express,813,1.36,81,2.22,True
11339,Bangalore-Bangalore Express,1455,0.74,145,1.26,True
51340,New Delhi-Mumbai Passenger,1659,0.58,82,1.03,True
221341,New Delhi-Jaipur Vande Bharat Express,549,2.39,54,4.15,True
221342,New Delhi-Mumbai Tejas Express,648,2.4,64,4.65,True
221343,Agra-New Delhi Vande Bharat Express,475,2.45,47,4.11,True
51344,Delhi-New Delhi Passenger,1500,0.46,75,0.74,True
121345,New Delhi-Delhi Superfast Express,1100,0.93,110,1.61,True
11346,Agra-New Delhi Express,1485,0.93,148,1.51,True
221347,New Delhi-Delhi Duronto Express,860,1.83,86,3.64,True
221348,New Delhi-Jaipur Vande Bharat Express,585,2.32,58,3.55,True
221349,Kolkata-Mumbai Tejas Express,484,2.37,48,4.13,True
121350,New Delhi-Guwahati Rajdhani Express,928,1.66,92,2.51,True
221351,Bangalore-Bangalore Humsafar Express,871,1.45,87,2.21,True
221352,Bangalore-Amritsar Vande Bharat Express,487,2.46,48,3.97,True
121353,Bangalore-Chennai Superfast Express,1297,0.85,129,1.37,True
221354,Delhi-Mumbai Vande Bharat Express,531,2.6,53,4.8,True
11355,New Delhi-New Delhi Mail,1283,0.67,128,1.24,True
121356,Mumbai-Kanpur Shatabdi Express,648,1.93,64,2.98,True
121357,Mumbai-Kanpur Superfast Express,1215,0.86,121,1.41,True
221358,Mumbai-Delhi Tejas Express,564,2.14,56,3.94,True
121359,Bangalore-Bhopal Shatabdi Express,638,1.89,63,3.58,True
121360,Bangalore-Amritsar Garib Rath,1002,1.24,100,2.05,True
221361,Bangalore-Mumbai Humsafar Express,750,1.49,75,2.81,True
121362,Mumbai-Bhopal Superfast Express,1284,1.12,128,2.1,True
221363,Agra-Kanpur Tejas Express,515,2.38,51,4.57,True
221364,New Delhi-New Delhi Humsafar Express,761,1.56,76,3.06,True
51365,Bangalore-Bangalore Passenger,1686,0.62,84,1.06,True
221366,Bangalore-Jaipur Tejas Express,658,2.28,65,4.26,True
51367,Delhi-New Delhi Passenger,1528,0.69,76,1.3,True
121368,Mumbai-Ambala Jan Shatabdi,593,1.39,59,2.73,True
121369,Kolkata-Ahmedabad Garib Rath,1037,1.27,103,2.37,True
121370,Kolkata-Guwahati Jan Shatabdi,744,1.47,74,2.73,True
221371,Mumbai-Chandigarh Vande Bharat Express,440,2.32,44,4.02,True
221372,Kolkata-Jaipur Tejas Express,484,2.34,48,3.54,True
221373,Bangalore-Delhi Vande Bharat Express,545,2.5,54,4.17,True
221374,Mumbai-Amritsar Humsafar Express,884,1.3,88,2.09,True
121375,Mumbai-New Delhi Superfast Express,1150,0.92,115,1.61,True
221376,Chennai-Agra Tejas Express,628,2.4,62,4.58,True
11377,Delhi-Ahmedabad Express,1315,0.91,131,1.66,True
121378,Chennai-New Delhi Jan Shatabdi,733,1.37,73,2.67,True
11379,Kolkata-Lucknow Mail,1408,0.76,140,1.4,True
51380,Agra-Jaipur Passenger,1523,0.64,76,1.25,True
121381,Chennai-Bangalore Jan Shatabdi,594,1.48,59,2.86,True
121382,New Delhi-Kolkata Shatabdi Express,540,2.08,54,3.14,True
121383,Bangalore-Chennai Superfast Express,1181,0.91,118,1.37,True
221384,Bangalore-Hyderabad Tejas Express,558,2.39,55,3.84,True
121385,Mumbai-Kanpur Rajdhani Express,811,1.81,81,3.17,True
121386,Mumbai-Amritsar Superfast Express,1259,1.13,125,2.13,True
121387,Kolkata-Bangalore Rajdhani Express,830,1.97,83,3.81,True
121388,Bangalore-Bangalore Jan Shatabdi,669,1.44,66,2.7,True
221389,Mumbai-Ahmedabad Humsafar Express,865,1.58,86,2.78,True
11390,New Delhi-Mumbai Express,1335,0.86,133,1.68,True
11391,Agra-Bangalore Mail,1301,0.97,130,1.59,True
221392,New Delhi-Mumbai Tejas Express,630,2.16,63,3.37,True
121393,Mumbai-Kolkata Rajdhani Express,824,1.83,82,3.32,True
121394,Mumbai-Kanpur Rajdhani Express,885,1.86,88,3.33,True
51395,New Delhi-Bangalore Passenger,1697,0.59,84,0.97,True
221396,Mumbai-New Delhi Tejas Express,675,2.34,67,4.06,True
121397,Chennai-Ahmedabad Shatabdi Express,643,2.04,64,3.37,True
121398,Bangalore-New Delhi Rajdhani Express,865,1.94,86,3.63,True
221399,Bangalore-Chennai Tejas Express,539,2.18,53,4.17,True
121400,Mumbai-Bangalore Shatabdi Express,518,2.14,51,3.94,True
221401,Mumbai-Bangalore Tejas Express,661,2.25,66,4.41,True
11402,Mumbai-Lucknow Express,1360,0.65,136,1.04,True
51403,Chennai-Chennai Passenger,1606,0.5,80,0.99,True
51404,Delhi-Bangalore Passenger,1590,0.7,79,1.18,True
51405,Bangalore-Mumbai Passenger,1648,0.59,82,1.11,True
221406,Bangalore-Chennai Duronto Express,952,1.85,95,3.28,True
51407,Mumbai-Kolkata Passenger,1571,0.52,78,0.94,True
121408,New Delhi-New Delhi Garib Rath,1171,1.32,117,2.13,True
11409,Mumbai-Mumbai Mail,1322,0.94,132,1.41,True
121410,Mumbai-Chennai Superfast Express,1214,1.15,121,2.21,True
221411,New Delhi-Mumbai Duronto Express,1024,1.74,102,3.36,True
121412,Chennai-Kolkata Shatabdi Express,534,1.81,53,3.36,True
221413,Chennai-Ahmedabad Tejas Express,522,2.37,52,3.73,True
121414,Mumbai-Bangalore Jan Shatabdi,577,1.51,57,2.95,True
121415,Bangalore-Mumbai Rajdhani Express,880,1.86,88,2.99,True
221416,Agra-Guwahati Vande Bharat Express,560,2.41,56,4.48,True
221417,Mumbai-New Delhi Tejas Express,631,2.16,63,4.27,True
121418,Mumbai-Kolkata Shatabdi Express,549,2.04,54,3.19,True
221419,Mumbai-Bangalore Tejas Express,627,2.25,62,4.04,True
121420,Bangalore-Kolkata Shatabdi Express,547,1.84,54,2.89,True
11421,Agra-Guwahati Express,1322,0.77,132,1.29,True
221422,Mumbai-Guwahati Vande Bharat Express,625,2.61,62,4.09,True
221423,Chennai-Amritsar Humsafar Express,818,1.5,81,2.85,True
221424,Kolkata-Mumbai Humsafar Express,785,1.57,78,2.79,True
221425,New Delhi-Bangalore Duronto Express,1025,1.61,102,3.11,True
51426,New Delhi-Mumbai Passenger,1679,0.56,83,0.87,True
221427,Mumbai-Ahmedabad Humsafar Express,803,1.59,80,2.56,True
51428,Bangalore-Kanpur Passenger,1540,0.53,77,1.06,True
121429,Mumbai-Kolkata Garib Rath,1052,1.35,105,2.18,True
121430,Chennai-Agra Jan Shatabdi,725,1.34,72,2.62,True
11431,Delhi-Bangalore Express,1388,0.87,138,1.44,True
221432,New Delhi-Mumbai Tejas Express,591,2.18,59,4.12,True
221433,New Delhi-Bhopal Duronto Express,1033,1.79,103,3.11,True
121434,Bangalore-New Delhi Shatabdi Express,681,2.11,68,3.89,True
121435,New Delhi-Guwahati Jan Shatabdi,615,1.42,61,2.68,True
51436,Kolkata-Mumbai Passenger,1528,0.44,76,0.72,True
121437,Chennai-Agra Superfast Express,1196,0.89,119,1.51,True
221438,Bangalore-Mumbai Duronto Express,906,1.75,90,2.85,True
11439,New Delhi-Bangalore Mail,1370,0.94,137,1.44,True
121440,Kolkata-Delhi Garib Rath,1052,1.39,105,2.6,True
121441,New Delhi-Kolkata Jan Shatabdi,572,1.23,57,2.32,True
221442,Bangalore-Kolkata Duronto Express,1038,1.72,103,2.87,True
51443,Chennai-New Delhi Passenger,1676,0.56,83,1.12,True
221444,Chennai-New Delhi Humsafar Express,837,1.37,83,2.34,True
11445,Bangalore-Chennai Express,1427,0.82,142,1.37,True
51446,New Delhi-Guwahati Passenger,1623,0.75,81,1.44,True
221447,Kolkata-Kolkata Vande Bharat Express,538,2.35,53,3.83,True
121448,Chennai-Chandigarh Shatabdi Express,575,1.82,57,3.16,True
121449,Mumbai-Bangalore Jan Shatabdi,564,1.35,56,2.04,True
11450,Bangalore-Jaipur Mail,1271,0.99,127,1.76,True
51451,Mumbai-Mumbai Passenger,1637,0.73,81,1.15,True
11452,New Delhi-Bangalore Express,1368,0.78,136,1.33,True
51453,Mumbai-Chandigarh Passenger,1630,0.62,81,0.98,True
121454,Mumbai-Mumbai Rajdhani Express,953,1.66,95,3.1,True
221455,Bangalore-New Delhi Humsafar Express,905,1.68,90,3.05,True
11456,New Delhi-Guwahati Express,1392,0.97,139,1.48,True
121457,Delhi-Agra Shatabdi Express,620,1.85,62,3.02,True
51458,Bangalore-Amritsar Passenger,1575,0.48,78,0.78,True
221459,New Delhi-Ahmedabad Duronto Express,884,1.64,88,2.78,True
11460,Kolkata-Mumbai Mail,1389,0.92,138,1.82,True
221461,New Delhi-Bangalore Tejas Express,675,2.41,67,4.07,True
221462,Mumbai-Bangalore Vande Bharat Express,522,2.46,52,4.85,True
11463,Mumbai-Mumbai Express,1404,0.62,140,1.1,True
51464,New Delhi-Mumbai Passenger,1581,0.46,79,0.89,True
221465,New Delhi-Bangalore Vande Bharat Express,588,2.35,58,4.12,True
121466,New Delhi-Chennai Garib Rath,1071,1.14,107,2.24,True
221467,Mumbai-Kanpur Humsafar Express,930,1.64,93,2.52,True
221468,Bangalore-Amritsar Tejas Express,578,2.19,57,3.29,True
51469,Bangalore-Bhopal Passenger,1571,0.59,78,0.91,True
121470,Chennai-Mumbai Superfast Express,1278,0.86,127,1.61,True
11471,Mumbai-Jaipur Express,1327,0.88,132,1.66,True
121472,Agra-Delhi Garib Rath,1015,1.32,101,2.58,True
11473,Bangalore-Ahmedabad Mail,1382,0.78,138,1.42,True
121474,New Delhi-Agra Garib Rath,1170,1.33,117,2.41,True
121475,Delhi-Mumbai Shatabdi Express,655,2.14,65,3.41,True
121476,Chennai-Lucknow Superfast Express,1156,0.85,115,1.3,True
121477,New Delhi-Chennai Superfast Express,1158,0.99,115,1.59,True
11478,Mumbai-Bangalore Mail,1367,0.96,136,1.56,True
221479,Agra-Bangalore Vande Bharat Express,568,2.31,56,3.64,True
121480,Kolkata-Chandigarh Shatabdi Express,564,1.9,56,3.48,True
221481,Agra-Kolkata Vande Bharat Express,618,2.61,61,3.96,True
121482,Mumbai-New Delhi Jan Shatabdi,606,1.31,60,2.33,True
221483,New Delhi-Chandigarh Tejas Express,576,2.27,57,4.44,True
221484,Bangalore-Delhi Tejas Express,662,2.33,66,4.3,True
121485,Bangalore-Bhopal Shatabdi Express,612,2.03,61,3.79,True
11486,Mumbai-Bangalore Mail,1304,0.96,130,1.8,True
121487,Bangalore-Kolkata Rajdhani Express,995,1.91,99,2.94,True
221488,Bangalore-Kanpur Duronto Express,963,1.85,96,3.28,True
221489,Kolkata-Mumbai Tejas Express,505,2.25,50,3.65,True
121490,Bangalore-Mumbai Rajdhani Express,824,1.89,82,3.02,True
121491,Mumbai-Hyderabad Shatabdi Express,675,2.02,67,3.32,True
51492,Mumbai-Bangalore Passenger,1604,0.43,80,0.81,True
221493,Chennai-Mumbai Vande Bharat Express,592,2.38,59,4.23,True
11494,Mumbai-Delhi Mail,1422,0.82,142,1.4,True
121495,Kolkata-Mumbai Superfast Express,1256,1.08,125,1.75,True
221496,Chennai-Bangalore Humsafar Express,894,1.6,89,2.83,True
221497,Mumbai-New Delhi Tejas Express,497,2.17,49,3.54,True
121498,Kolkata-Kolkata Shatabdi Express,648,2.18,64,4.32,True
11499,Mumbai-Bangalore Express,1308,0.61,130,0.97,True
121500,Kolkata-Mumbai Garib Rath,1030,1.38,103,2.23,True
